Country, Product ,Units Sold, Revenue per cookie , Cost per cookie , Revenue , Cost , Profit ,Date,Month Number, Month Name ,Year
Canada, Chocolate Chip ,292, $5.00 , $2.00 ," $1,460.00 ", $584.00 , $876.00 ,01-02-2019,2, February ,2019
Mexico, Chocolate Chip ,974, $5.00 , $2.00 ," $4,870.00 "," $1,948.00 "," $2,922.00 ",01-02-2019,2, February ,2019
Canada, Chocolate Chip ,2518, $5.00 , $2.00 ," $12,590.00 "," $5,036.00 "," $7,554.00 ",01-06-2019,6, June ,2019
Germany, Chocolate Chip ,1006, $5.00 , $2.00 ," $5,030.00 "," $2,012.00 "," $3,018.00 ",01-06-2019,6, June ,2019
Germany, Chocolate Chip ,367, $5.00 , $2.00 ," $1,835.00 ", $734.00 ," $1,101.00 ",01-07-2019,7, July ,2019
Mexico, Chocolate Chip ,883, $5.00 , $2.00 ," $4,415.00 "," $1,766.00 "," $2,649.00 ",01-08-2019,8, August ,2019
France, Chocolate Chip ,549, $5.00 , $2.00 ," $2,745.00 "," $1,098.00 "," $1,647.00 ",01-09-2018,9, September ,2018
Mexico, Chocolate Chip ,788, $5.00 , $2.00 ," $3,940.00 "," $1,576.00 "," $2,364.00 ",01-09-2018,9, September ,2018
Mexico, Chocolate Chip ,2472, $5.00 , $2.00 ," $12,360.00 "," $4,944.00 "," $7,416.00 ",01-09-2019,9, September ,2019
United States, Chocolate Chip ,1143, $5.00 , $2.00 ," $5,715.00 "," $2,286.00 "," $3,429.00 ",01-10-2019,10, October ,2019
Canada, Chocolate Chip ,1725, $5.00 , $2.00 ," $8,625.00 "," $3,450.00 "," $5,175.00 ",01-11-2018,11, November ,2018
United States, Chocolate Chip ,912, $5.00 , $2.00 ," $4,560.00 "," $1,824.00 "," $2,736.00 ",01-11-2018,11, November ,2018
Canada, Chocolate Chip ,2152, $5.00 , $2.00 ," $10,760.00 "," $4,304.00 "," $6,456.00 ",01-12-2018,12, December ,2018
Canada, Chocolate Chip ,1817, $5.00 , $2.00 ," $9,085.00 "," $3,634.00 "," $5,451.00 ",01-12-2019,12, December ,2019
Germany, Chocolate Chip ,1513, $5.00 , $2.00 ," $7,565.00 "," $3,026.00 "," $4,539.00 ",01-12-2019,12, December ,2019
France, Chocolate Chip ,3945, $5.00 , $2.00 ," $19,725.00 "," $7,890.00 "," $11,835.00 ",01-01-2019,1, January ,2019
France, Chocolate Chip ,2296, $5.00 , $2.00 ," $11,480.00 "," $4,592.00 "," $6,888.00 ",01-02-2019,2, February ,2019
France, Chocolate Chip ,1030, $5.00 , $2.00 ," $5,150.00 "," $2,060.00 "," $3,090.00 ",01-05-2019,5, May ,2019
United States, Chocolate Chip ,1514, $5.00 , $2.00 ," $7,570.00 "," $3,028.00 "," $4,542.00 ",01-02-2019,2, February ,2019
United States, Chocolate Chip ,4492.5, $5.00 , $2.00 ," $22,462.50 "," $8,985.00 "," $13,477.50 ",01-04-2019,4, April ,2019
United States, Chocolate Chip ,727, $5.00 , $2.00 ," $3,635.00 "," $1,454.00 "," $2,181.00 ",01-06-2019,6, June ,2019
France, Chocolate Chip ,787, $5.00 , $2.00 ," $3,935.00 "," $1,574.00 "," $2,361.00 ",01-06-2019,6, June ,2019
Mexico, Chocolate Chip ,1823, $5.00 , $2.00 ," $9,115.00 "," $3,646.00 "," $5,469.00 ",01-07-2019,7, July ,2019
Germany, Chocolate Chip ,747, $5.00 , $2.00 ," $3,735.00 "," $1,494.00 "," $2,241.00 ",01-09-2019,9, September ,2019
Germany, Chocolate Chip ,766, $5.00 , $2.00 ," $3,830.00 "," $1,532.00 "," $2,298.00 ",01-10-2018,10, October ,2018
United States, Chocolate Chip ,2905, $5.00 , $2.00 ," $14,525.00 "," $5,810.00 "," $8,715.00 ",01-11-2019,11, November ,2019
France, Chocolate Chip ,2155, $5.00 , $2.00 ," $10,775.00 "," $4,310.00 "," $6,465.00 ",01-12-2019,12, December ,2019
Canada, Chocolate Chip ,2363, $5.00 , $2.00 ," $11,815.00 "," $4,726.00 "," $7,089.00 ",01-02-2019,2, February ,2019
France, Chocolate Chip ,918, $5.00 , $2.00 ," $4,590.00 "," $1,836.00 "," $2,754.00 ",01-05-2019,5, May ,2019
Germany, Chocolate Chip ,1728, $5.00 , $2.00 ," $8,640.00 "," $3,456.00 "," $5,184.00 ",01-05-2019,5, May ,2019
United States, Chocolate Chip ,1142, $5.00 , $2.00 ," $5,710.00 "," $2,284.00 "," $3,426.00 ",01-06-2019,6, June ,2019
Mexico, Chocolate Chip ,662, $5.00 , $2.00 ," $3,310.00 "," $1,324.00 "," $1,986.00 ",01-06-2019,6, June ,2019
Canada, Chocolate Chip ,1295, $5.00 , $2.00 ," $6,475.00 "," $2,590.00 "," $3,885.00 ",01-10-2019,10, October ,2019
Germany, Chocolate Chip ,809, $5.00 , $2.00 ," $4,045.00 "," $1,618.00 "," $2,427.00 ",01-10-2018,10, October ,2018
Mexico, Chocolate Chip ,2145, $5.00 , $2.00 ," $10,725.00 "," $4,290.00 "," $6,435.00 ",01-10-2018,10, October ,2018
France, Chocolate Chip ,1785, $5.00 , $2.00 ," $8,925.00 "," $3,570.00 "," $5,355.00 ",01-11-2018,11, November ,2018
Canada, Chocolate Chip ,1916, $5.00 , $2.00 ," $9,580.00 "," $3,832.00 "," $5,748.00 ",01-12-2019,12, December ,2019
Canada, Chocolate Chip ,2852, $5.00 , $2.00 ," $14,260.00 "," $5,704.00 "," $8,556.00 ",01-12-2019,12, December ,2019
Canada, Chocolate Chip ,2729, $5.00 , $2.00 ," $13,645.00 "," $5,458.00 "," $8,187.00 ",01-12-2019,12, December ,2019
United States, Chocolate Chip ,1925, $5.00 , $2.00 ," $9,625.00 "," $3,850.00 "," $5,775.00 ",01-12-2018,12, December ,2018
United States, Chocolate Chip ,2013, $5.00 , $2.00 ," $10,065.00 "," $4,026.00 "," $6,039.00 ",01-12-2018,12, December ,2018
France, Chocolate Chip ,1055, $5.00 , $2.00 ," $5,275.00 "," $2,110.00 "," $3,165.00 ",01-12-2019,12, December ,2019
Mexico, Chocolate Chip ,1084, $5.00 , $2.00 ," $5,420.00 "," $2,168.00 "," $3,252.00 ",01-12-2019,12, December ,2019
France, Chocolate Chip ,2434.5, $5.00 , $2.00 ," $12,172.50 "," $4,869.00 "," $7,303.50 ",01-01-2019,1, January ,2019
Canada, Chocolate Chip ,1774, $5.00 , $2.00 ," $8,870.00 "," $3,548.00 "," $5,322.00 ",01-03-2019,3, March ,2019
France, Chocolate Chip ,1901, $5.00 , $2.00 ," $9,505.00 "," $3,802.00 "," $5,703.00 ",01-06-2019,6, June ,2019
Germany, Chocolate Chip ,689, $5.00 , $2.00 ," $3,445.00 "," $1,378.00 "," $2,067.00 ",01-06-2019,6, June ,2019
Germany, Chocolate Chip ,1570, $5.00 , $2.00 ," $7,850.00 "," $3,140.00 "," $4,710.00 ",01-06-2019,6, June ,2019
United States, Chocolate Chip ,1369.5, $5.00 , $2.00 ," $6,847.50 "," $2,739.00 "," $4,108.50 ",01-07-2019,7, July ,2019
Canada, Chocolate Chip ,2009, $5.00 , $2.00 ," $10,045.00 "," $4,018.00 "," $6,027.00 ",01-10-2019,10, October ,2019
Germany, Chocolate Chip ,1945, $5.00 , $2.00 ," $9,725.00 "," $3,890.00 "," $5,835.00 ",01-10-2018,10, October ,2018
France, Chocolate Chip ,1287, $5.00 , $2.00 ," $6,435.00 "," $2,574.00 "," $3,861.00 ",01-12-2019,12, December ,2019
Germany, Chocolate Chip ,1706, $5.00 , $2.00 ," $8,530.00 "," $3,412.00 "," $5,118.00 ",01-12-2019,12, December ,2019
Mexico, Chocolate Chip ,1760, $5.00 , $2.00 ," $8,800.00 "," $3,520.00 "," $5,280.00 ",01-09-2018,9, September ,2018
Mexico, Chocolate Chip ,2031, $5.00 , $2.00 ," $10,155.00 "," $4,062.00 "," $6,093.00 ",01-10-2019,10, October ,2019
France, Chocolate Chip ,2261, $5.00 , $2.00 ," $11,305.00 "," $4,522.00 "," $6,783.00 ",01-12-2018,12, December ,2018
Canada, Chocolate Chip ,4251, $5.00 , $2.00 ," $21,255.00 "," $8,502.00 "," $12,753.00 ",01-01-2019,1, January ,2019
Germany, Chocolate Chip ,795, $5.00 , $2.00 ," $3,975.00 "," $1,590.00 "," $2,385.00 ",01-03-2019,3, March ,2019
Germany, Chocolate Chip ,1414.5, $5.00 , $2.00 ," $7,072.50 "," $2,829.00 "," $4,243.50 ",01-04-2019,4, April ,2019
United States, Chocolate Chip ,2918, $5.00 , $2.00 ," $14,590.00 "," $5,836.00 "," $8,754.00 ",01-05-2019,5, May ,2019
United States, Chocolate Chip ,3450, $5.00 , $2.00 ," $17,250.00 "," $6,900.00 "," $10,350.00 ",01-07-2019,7, July ,2019
France, Chocolate Chip ,2988, $5.00 , $2.00 ," $14,940.00 "," $5,976.00 "," $8,964.00 ",01-07-2019,7, July ,2019
Canada, Chocolate Chip ,218, $5.00 , $2.00 ," $1,090.00 ", $436.00 , $654.00 ,01-09-2019,9, September ,2019
Canada, Chocolate Chip ,2074, $5.00 , $2.00 ," $10,370.00 "," $4,148.00 "," $6,222.00 ",01-09-2019,9, September ,2019
United States, Chocolate Chip ,1056, $5.00 , $2.00 ," $5,280.00 "," $2,112.00 "," $3,168.00 ",01-09-2019,9, September ,2019
United States, Chocolate Chip ,671, $5.00 , $2.00 ," $3,355.00 "," $1,342.00 "," $2,013.00 ",01-10-2018,10, October ,2018
Mexico, Chocolate Chip ,1514, $5.00 , $2.00 ," $7,570.00 "," $3,028.00 "," $4,542.00 ",01-10-2018,10, October ,2018
United States, Chocolate Chip ,274, $5.00 , $2.00 ," $1,370.00 ", $548.00 , $822.00 ,01-12-2019,12, December ,2019
Mexico, Chocolate Chip ,1138, $5.00 , $2.00 ," $5,690.00 "," $2,276.00 "," $3,414.00 ",01-12-2019,12, December ,2019
Germany, Chocolate Chip ,1372, $5.00 , $2.00 ," $6,860.00 "," $2,744.00 "," $4,116.00 ",01-01-2019,1, January ,2019
Canada, Chocolate Chip ,2349, $5.00 , $2.00 ," $11,745.00 "," $4,698.00 "," $7,047.00 ",01-09-2018,9, September ,2018
Mexico, Chocolate Chip ,2689, $5.00 , $2.00 ," $13,445.00 "," $5,378.00 "," $8,067.00 ",01-10-2019,10, October ,2019
Canada, Chocolate Chip ,2431, $5.00 , $2.00 ," $12,155.00 "," $4,862.00 "," $7,293.00 ",01-12-2019,12, December ,2019
France, Chocolate Chip ,1303, $5.00 , $2.00 ," $6,515.00 "," $2,606.00 "," $3,909.00 ",01-02-2019,2, February ,2019
United States, Chocolate Chip ,2992, $5.00 , $2.00 ," $14,960.00 "," $5,984.00 "," $8,976.00 ",01-03-2019,3, March ,2019
France, Chocolate Chip ,2385, $5.00 , $2.00 ," $11,925.00 "," $4,770.00 "," $7,155.00 ",01-03-2019,3, March ,2019
Mexico, Chocolate Chip ,1607, $5.00 , $2.00 ," $8,035.00 "," $3,214.00 "," $4,821.00 ",01-04-2019,4, April ,2019
United States, Chocolate Chip ,2327, $5.00 , $2.00 ," $11,635.00 "," $4,654.00 "," $6,981.00 ",01-05-2019,5, May ,2019
United States, Chocolate Chip ,991, $5.00 , $2.00 ," $4,955.00 "," $1,982.00 "," $2,973.00 ",01-06-2019,6, June ,2019
United States, Chocolate Chip ,602, $5.00 , $2.00 ," $3,010.00 "," $1,204.00 "," $1,806.00 ",01-06-2019,6, June ,2019
France, Chocolate Chip ,2620, $5.00 , $2.00 ," $13,100.00 "," $5,240.00 "," $7,860.00 ",01-09-2019,9, September ,2019
Canada, Chocolate Chip ,1228, $5.00 , $2.00 ," $6,140.00 "," $2,456.00 "," $3,684.00 ",01-10-2018,10, October ,2018
Canada, Chocolate Chip ,1389, $5.00 , $2.00 ," $6,945.00 "," $2,778.00 "," $4,167.00 ",01-10-2018,10, October ,2018
United States, Chocolate Chip ,861, $5.00 , $2.00 ," $4,305.00 "," $1,722.00 "," $2,583.00 ",01-10-2019,10, October ,2019
France, Chocolate Chip ,704, $5.00 , $2.00 ," $3,520.00 "," $1,408.00 "," $2,112.00 ",01-10-2018,10, October ,2018
Canada, Chocolate Chip ,1802, $5.00 , $2.00 ," $9,010.00 "," $3,604.00 "," $5,406.00 ",01-12-2018,12, December ,2018
United States, Chocolate Chip ,2663, $5.00 , $2.00 ," $13,315.00 "," $5,326.00 "," $7,989.00 ",01-12-2019,12, December ,2019
France, Chocolate Chip ,2136, $5.00 , $2.00 ," $10,680.00 "," $4,272.00 "," $6,408.00 ",01-12-2018,12, December ,2018
Germany, Chocolate Chip ,2116, $5.00 , $2.00 ," $10,580.00 "," $4,232.00 "," $6,348.00 ",01-12-2018,12, December ,2018
France, Chocolate Chip ,3801, $5.00 , $2.00 ," $19,005.00 "," $7,602.00 "," $11,403.00 ",01-04-2019,4, April ,2019
France, Chocolate Chip ,1496, $5.00 , $2.00 ," $7,480.00 "," $2,992.00 "," $4,488.00 ",01-06-2019,6, June ,2019
Canada, Chocolate Chip ,2299, $5.00 , $2.00 ," $11,495.00 "," $4,598.00 "," $6,897.00 ",01-10-2018,10, October ,2018
United States, Chocolate Chip ,727, $5.00 , $2.00 ," $3,635.00 "," $1,454.00 "," $2,181.00 ",01-10-2018,10, October ,2018
United States, Chocolate Chip ,2198, $5.00 , $2.00 ," $10,990.00 "," $4,396.00 "," $6,594.00 ",01-08-2019,8, August ,2019
Germany, Chocolate Chip ,1743, $5.00 , $2.00 ," $8,715.00 "," $3,486.00 "," $5,229.00 ",01-08-2019,8, August ,2019
United States, Chocolate Chip ,1153, $5.00 , $2.00 ," $5,765.00 "," $2,306.00 "," $3,459.00 ",01-10-2019,10, October ,2019
France, Chocolate Chip ,1757, $5.00 , $2.00 ," $8,785.00 "," $3,514.00 "," $5,271.00 ",01-10-2018,10, October ,2018
France, Chocolate Chip ,1031, $5.00 , $2.00 ," $5,155.00 "," $2,062.00 "," $3,093.00 ",01-09-2018,9, September ,2018
Canada, Chocolate Chip ,1702, $5.00 , $2.00 ," $8,510.00 "," $3,404.00 "," $5,106.00 ",01-05-2019,5, May ,2019
France, Chocolate Chip ,448, $5.00 , $2.00 ," $2,240.00 ", $896.00 ," $1,344.00 ",01-06-2019,6, June ,2019
Germany, Chocolate Chip ,3513, $5.00 , $2.00 ," $17,565.00 "," $7,026.00 "," $10,539.00 ",01-07-2019,7, July ,2019
France, Chocolate Chip ,2101, $5.00 , $2.00 ," $10,505.00 "," $4,202.00 "," $6,303.00 ",01-08-2019,8, August ,2019
United States, Chocolate Chip ,2931, $5.00 , $2.00 ," $14,655.00 "," $5,862.00 "," $8,793.00 ",01-09-2018,9, September ,2018
France, Chocolate Chip ,1535, $5.00 , $2.00 ," $7,675.00 "," $3,070.00 "," $4,605.00 ",01-09-2019,9, September ,2019
Germany, Chocolate Chip ,1123, $5.00 , $2.00 ," $5,615.00 "," $2,246.00 "," $3,369.00 ",01-09-2018,9, September ,2018
Canada, Chocolate Chip ,1404, $5.00 , $2.00 ," $7,020.00 "," $2,808.00 "," $4,212.00 ",01-11-2018,11, November ,2018
Mexico, Chocolate Chip ,2763, $5.00 , $2.00 ," $13,815.00 "," $5,526.00 "," $8,289.00 ",01-11-2018,11, November ,2018
Germany, Chocolate Chip ,2125, $5.00 , $2.00 ," $10,625.00 "," $4,250.00 "," $6,375.00 ",01-12-2018,12, December ,2018
Canada, Chocolate Chip ,257, $5.00 , $2.00 ," $1,285.00 ", $514.00 , $771.00 ,01-05-2019,5, May ,2019
Mexico, Chocolate Chip ,1114, $5.00 , $2.00 ," $5,570.00 "," $2,228.00 "," $3,342.00 ",01-03-2019,3, March ,2019
Germany, Chocolate Chip ,1259, $5.00 , $2.00 ," $6,295.00 "," $2,518.00 "," $3,777.00 ",01-04-2019,4, April ,2019
Germany, Chocolate Chip ,1095, $5.00 , $2.00 ," $5,475.00 "," $2,190.00 "," $3,285.00 ",01-05-2019,5, May ,2019
Germany, Chocolate Chip ,1366, $5.00 , $2.00 ," $6,830.00 "," $2,732.00 "," $4,098.00 ",01-06-2019,6, June ,2019
Mexico, Chocolate Chip ,2460, $5.00 , $2.00 ," $12,300.00 "," $4,920.00 "," $7,380.00 ",01-06-2019,6, June ,2019
United States, Chocolate Chip ,678, $5.00 , $2.00 ," $3,390.00 "," $1,356.00 "," $2,034.00 ",01-08-2019,8, August ,2019
Germany, Chocolate Chip ,1598, $5.00 , $2.00 ," $7,990.00 "," $3,196.00 "," $4,794.00 ",01-08-2019,8, August ,2019
Germany, Chocolate Chip ,2409, $5.00 , $2.00 ," $12,045.00 "," $4,818.00 "," $7,227.00 ",01-09-2018,9, September ,2018
Germany, Chocolate Chip ,1934, $5.00 , $2.00 ," $9,670.00 "," $3,868.00 "," $5,802.00 ",01-09-2019,9, September ,2019
Mexico, Chocolate Chip ,2993, $5.00 , $2.00 ," $14,965.00 "," $5,986.00 "," $8,979.00 ",01-09-2019,9, September ,2019
Germany, Chocolate Chip ,2146, $5.00 , $2.00 ," $10,730.00 "," $4,292.00 "," $6,438.00 ",01-11-2018,11, November ,2018
Mexico, Chocolate Chip ,1946, $5.00 , $2.00 ," $9,730.00 "," $3,892.00 "," $5,838.00 ",01-12-2018,12, December ,2018
Mexico, Chocolate Chip ,1362, $5.00 , $2.00 ," $6,810.00 "," $2,724.00 "," $4,086.00 ",01-12-2019,12, December ,2019
Mexico, Chocolate Chip ,2565, $5.00 , $2.00 ," $12,825.00 "," $5,130.00 "," $7,695.00 ",01-01-2019,1, January ,2019
Mexico, Chocolate Chip ,2417, $5.00 , $2.00 ," $12,085.00 "," $4,834.00 "," $7,251.00 ",01-01-2019,1, January ,2019
United States, Chocolate Chip ,3675, $5.00 , $2.00 ," $18,375.00 "," $7,350.00 "," $11,025.00 ",01-04-2019,4, April ,2019
Canada, Chocolate Chip ,1094, $5.00 , $2.00 ," $5,470.00 "," $2,188.00 "," $3,282.00 ",01-06-2019,6, June ,2019
France, Chocolate Chip ,1227, $5.00 , $2.00 ," $6,135.00 "," $2,454.00 "," $3,681.00 ",01-10-2019,10, October ,2019
Mexico, Chocolate Chip ,367, $5.00 , $2.00 ," $1,835.00 ", $734.00 ," $1,101.00 ",01-10-2018,10, October ,2018
France, Chocolate Chip ,1324, $5.00 , $2.00 ," $6,620.00 "," $2,648.00 "," $3,972.00 ",01-11-2019,11, November ,2019
Germany, Chocolate Chip ,1775, $5.00 , $2.00 ," $8,875.00 "," $3,550.00 "," $5,325.00 ",01-11-2018,11, November ,2018
United States, Chocolate Chip ,2797, $5.00 , $2.00 ," $13,985.00 "," $5,594.00 "," $8,391.00 ",01-12-2019,12, December ,2019
United States, Chocolate Chip ,973, $5.00 , $2.00 ," $4,865.00 "," $1,946.00 "," $2,919.00 ",01-03-2019,3, March ,2019
Mexico, Chocolate Chip ,1038, $5.00 , $2.00 ," $5,190.00 "," $2,076.00 "," $3,114.00 ",01-06-2019,6, June ,2019
Germany, Chocolate Chip ,360, $5.00 , $2.00 ," $1,800.00 ", $720.00 ," $1,080.00 ",01-10-2019,10, October ,2019
United States, Chocolate Chip ,386, $5.00 , $2.00 ," $1,930.00 ", $772.00 ," $1,158.00 ",01-10-2018,10, October ,2018
France, Chocolate Chip ,1954, $5.00 , $2.00 ," $9,770.00 "," $3,908.00 "," $5,862.00 ",01-03-2019,3, March ,2019
Mexico, Chocolate Chip ,591, $5.00 , $2.00 ," $2,955.00 "," $1,182.00 "," $1,773.00 ",01-05-2019,5, May ,2019
France, Chocolate Chip ,2167, $5.00 , $2.00 ," $10,835.00 "," $4,334.00 "," $6,501.00 ",01-10-2018,10, October ,2018
Germany, Chocolate Chip ,241, $5.00 , $2.00 ," $1,205.00 ", $482.00 , $723.00 ,01-10-2019,10, October ,2019
France, Chocolate Chip ,2532, $5.00 , $2.00 ," $12,660.00 "," $5,064.00 "," $7,596.00 ",01-04-2019,4, April ,2019
France, Chocolate Chip ,1198, $5.00 , $2.00 ," $5,990.00 "," $2,396.00 "," $3,594.00 ",01-10-2018,10, October ,2018
Canada, Chocolate Chip ,873, $5.00 , $2.00 ," $4,365.00 "," $1,746.00 "," $2,619.00 ",01-01-2019,1, January ,2019
Mexico, Chocolate Chip ,1122, $5.00 , $2.00 ," $5,610.00 "," $2,244.00 "," $3,366.00 ",01-03-2019,3, March ,2019
Canada, Chocolate Chip ,2104.5, $5.00 , $2.00 ," $10,522.50 "," $4,209.00 "," $6,313.50 ",01-07-2019,7, July ,2019
Canada, Chocolate Chip ,4026, $5.00 , $2.00 ," $20,130.00 "," $8,052.00 "," $12,078.00 ",01-07-2019,7, July ,2019
France, Chocolate Chip ,2425.5, $5.00 , $2.00 ," $12,127.50 "," $4,851.00 "," $7,276.50 ",01-07-2019,7, July ,2019
Canada, Chocolate Chip ,2394, $5.00 , $2.00 ," $11,970.00 "," $4,788.00 "," $7,182.00 ",01-08-2019,8, August ,2019
Mexico, Chocolate Chip ,1984, $5.00 , $2.00 ," $9,920.00 "," $3,968.00 "," $5,952.00 ",01-08-2019,8, August ,2019
France, Chocolate Chip ,2441, $5.00 , $2.00 ," $12,205.00 "," $4,882.00 "," $7,323.00 ",01-10-2019,10, October ,2019
Germany, Chocolate Chip ,2992, $5.00 , $2.00 ," $14,960.00 "," $5,984.00 "," $8,976.00 ",01-10-2018,10, October ,2018
Canada, Chocolate Chip ,1366, $5.00 , $2.00 ," $6,830.00 "," $2,732.00 "," $4,098.00 ",01-11-2019,11, November ,2019
United States, Chocolate Chip ,380, $5.00 , $2.00 ," $1,900.00 ", $760.00 ," $1,140.00 ",01-09-2018,9, September ,2018
United States, Chocolate Chip ,3495, $5.00 , $2.00 ," $17,475.00 "," $6,990.00 "," $10,485.00 ",01-01-2019,1, January ,2019
Mexico, Chocolate Chip ,886, $5.00 , $2.00 ," $4,430.00 "," $1,772.00 "," $2,658.00 ",01-06-2019,6, June ,2019
Mexico, Chocolate Chip ,2156, $5.00 , $2.00 ," $10,780.00 "," $4,312.00 "," $6,468.00 ",01-10-2019,10, October ,2019
Mexico, Chocolate Chip ,905, $5.00 , $2.00 ," $4,525.00 "," $1,810.00 "," $2,715.00 ",01-10-2019,10, October ,2019
Mexico, Chocolate Chip ,1715, $5.00 , $2.00 ," $8,575.00 "," $3,430.00 "," $5,145.00 ",01-10-2018,10, October ,2018
France, Chocolate Chip ,1594, $5.00 , $2.00 ," $7,970.00 "," $3,188.00 "," $4,782.00 ",01-11-2019,11, November ,2019
Germany, Chocolate Chip ,1359, $5.00 , $2.00 ," $6,795.00 "," $2,718.00 "," $4,077.00 ",01-11-2019,11, November ,2019
Mexico, Chocolate Chip ,2150, $5.00 , $2.00 ," $10,750.00 "," $4,300.00 "," $6,450.00 ",01-11-2019,11, November ,2019
Mexico, Chocolate Chip ,1197, $5.00 , $2.00 ," $5,985.00 "," $2,394.00 "," $3,591.00 ",01-11-2019,11, November ,2019
Mexico, Chocolate Chip ,380, $5.00 , $2.00 ," $1,900.00 ", $760.00 ," $1,140.00 ",01-12-2018,12, December ,2018
Mexico, Chocolate Chip ,1233, $5.00 , $2.00 ," $6,165.00 "," $2,466.00 "," $3,699.00 ",01-12-2019,12, December ,2019
Germany, Chocolate Chip ,1531, $5.00 , $2.00 ," $7,655.00 "," $3,062.00 "," $4,593.00 ",01-12-2019,12, December ,2019
United States, Chocolate Chip ,1438.5, $5.00 , $2.00 ," $7,192.50 "," $2,877.00 "," $4,315.50 ",01-01-2019,1, January ,2019
Germany, Chocolate Chip ,807, $5.00 , $2.00 ," $4,035.00 "," $1,614.00 "," $2,421.00 ",01-01-2019,1, January ,2019
United States, Chocolate Chip ,2641, $5.00 , $2.00 ," $13,205.00 "," $5,282.00 "," $7,923.00 ",01-02-2019,2, February ,2019
Germany, Chocolate Chip ,2708, $5.00 , $2.00 ," $13,540.00 "," $5,416.00 "," $8,124.00 ",01-02-2019,2, February ,2019
Canada, Chocolate Chip ,2632, $5.00 , $2.00 ," $13,160.00 "," $5,264.00 "," $7,896.00 ",01-06-2019,6, June ,2019
Canada, Chocolate Chip ,1583, $5.00 , $2.00 ," $7,915.00 "," $3,166.00 "," $4,749.00 ",01-06-2019,6, June ,2019
Mexico, Chocolate Chip ,571, $5.00 , $2.00 ," $2,855.00 "," $1,142.00 "," $1,713.00 ",01-07-2019,7, July ,2019
France, Chocolate Chip ,2696, $5.00 , $2.00 ," $13,480.00 "," $5,392.00 "," $8,088.00 ",01-08-2019,8, August ,2019
Canada, Chocolate Chip ,1565, $5.00 , $2.00 ," $7,825.00 "," $3,130.00 "," $4,695.00 ",01-10-2019,10, October ,2019
Canada, Chocolate Chip ,1249, $5.00 , $2.00 ," $6,245.00 "," $2,498.00 "," $3,747.00 ",01-10-2019,10, October ,2019
Germany, Chocolate Chip ,357, $5.00 , $2.00 ," $1,785.00 ", $714.00 ," $1,071.00 ",01-11-2019,11, November ,2019
Germany, Chocolate Chip ,1013, $5.00 , $2.00 ," $5,065.00 "," $2,026.00 "," $3,039.00 ",01-12-2019,12, December ,2019
Germany, Chocolate Chip ,278, $5.00 , $2.00 ," $1,390.00 ", $556.00 , $834.00 ,01-02-2019,2, February ,2019
Canada, Chocolate Chip ,2428, $5.00 , $2.00 ," $12,140.00 "," $4,856.00 "," $7,284.00 ",01-03-2019,3, March ,2019
United States, Chocolate Chip ,1767, $5.00 , $2.00 ," $8,835.00 "," $3,534.00 "," $5,301.00 ",01-09-2019,9, September ,2019
France, Chocolate Chip ,1393, $5.00 , $2.00 ," $6,965.00 "," $2,786.00 "," $4,179.00 ",01-10-2019,10, October ,2019
Mexico, Chocolate Chip ,260, $5.00 , $2.00 ," $1,300.00 ", $520.00 , $780.00 ,01-02-2019,2, February ,2019
Canada, Chocolate Chip ,2470, $5.00 , $2.00 ," $12,350.00 "," $4,940.00 "," $7,410.00 ",01-09-2018,9, September ,2018
Canada, Chocolate Chip ,1743, $5.00 , $2.00 ," $8,715.00 "," $3,486.00 "," $5,229.00 ",01-10-2018,10, October ,2018
United States, Chocolate Chip ,2914, $5.00 , $2.00 ," $14,570.00 "," $5,828.00 "," $8,742.00 ",01-10-2019,10, October ,2019
France, Chocolate Chip ,1731, $5.00 , $2.00 ," $8,655.00 "," $3,462.00 "," $5,193.00 ",01-10-2019,10, October ,2019
Canada, Chocolate Chip ,700, $5.00 , $2.00 ," $3,500.00 "," $1,400.00 "," $2,100.00 ",01-11-2019,11, November ,2019
Canada, Chocolate Chip ,2222, $5.00 , $2.00 ," $11,110.00 "," $4,444.00 "," $6,666.00 ",01-11-2018,11, November ,2018
United States, Chocolate Chip ,1177, $5.00 , $2.00 ," $5,885.00 "," $2,354.00 "," $3,531.00 ",01-11-2019,11, November ,2019
France, Chocolate Chip ,1922, $5.00 , $2.00 ," $9,610.00 "," $3,844.00 "," $5,766.00 ",01-11-2018,11, November ,2018
Germany, Chocolate Chip ,1158, $5.00 , $2.00 ," $5,790.00 "," $2,316.00 "," $3,474.00 ",01-03-2019,3, March ,2019
Canada, Chocolate Chip ,1614, $5.00 , $2.00 ," $8,070.00 "," $3,228.00 "," $4,842.00 ",01-04-2019,4, April ,2019
Mexico, Chocolate Chip ,2535, $5.00 , $2.00 ," $12,675.00 "," $5,070.00 "," $7,605.00 ",01-04-2019,4, April ,2019
Mexico, Chocolate Chip ,2851, $5.00 , $2.00 ," $14,255.00 "," $5,702.00 "," $8,553.00 ",01-05-2019,5, May ,2019
Canada, Chocolate Chip ,2559, $5.00 , $2.00 ," $12,795.00 "," $5,118.00 "," $7,677.00 ",01-08-2019,8, August ,2019
United States, Chocolate Chip ,267, $5.00 , $2.00 ," $1,335.00 ", $534.00 , $801.00 ,01-10-2018,10, October ,2018
Germany, Chocolate Chip ,1085, $5.00 , $2.00 ," $5,425.00 "," $2,170.00 "," $3,255.00 ",01-10-2019,10, October ,2019
Germany, Chocolate Chip ,1175, $5.00 , $2.00 ," $5,875.00 "," $2,350.00 "," $3,525.00 ",01-10-2019,10, October ,2019
United States, Chocolate Chip ,2007, $5.00 , $2.00 ," $10,035.00 "," $4,014.00 "," $6,021.00 ",01-11-2018,11, November ,2018
Mexico, Chocolate Chip ,2151, $5.00 , $2.00 ," $10,755.00 "," $4,302.00 "," $6,453.00 ",01-11-2018,11, November ,2018
United States, Chocolate Chip ,914, $5.00 , $2.00 ," $4,570.00 "," $1,828.00 "," $2,742.00 ",01-12-2019,12, December ,2019
France, Chocolate Chip ,293, $5.00 , $2.00 ," $1,465.00 ", $586.00 , $879.00 ,01-12-2019,12, December ,2019
Canada, Chocolate Chip ,723, $5.00 , $2.00 ," $3,615.00 "," $1,446.00 "," $2,169.00 ",01-04-2019,4, April ,2019
Germany, Fortune Cookie ,921, $1.00 , $0.20 , $921.00 , $184.20 , $736.80 ,01-03-2019,3, March ,2019
Canada, Fortune Cookie ,2518, $1.00 , $0.20 ," $2,518.00 ", $503.60 ," $2,014.40 ",01-06-2019,6, June ,2019
France, Fortune Cookie ,1899, $1.00 , $0.20 ," $1,899.00 ", $379.80 ," $1,519.20 ",01-06-2019,6, June ,2019
Germany, Fortune Cookie ,1545, $1.00 , $0.20 ," $1,545.00 ", $309.00 ," $1,236.00 ",01-06-2019,6, June ,2019
Mexico, Fortune Cookie ,2470, $1.00 , $0.20 ," $2,470.00 ", $494.00 ," $1,976.00 ",01-06-2019,6, June ,2019
Canada, Fortune Cookie ,2665.5, $1.00 , $0.20 ," $2,665.50 ", $533.10 ," $2,132.40 ",01-07-2019,7, July ,2019
Mexico, Fortune Cookie ,958, $1.00 , $0.20 , $958.00 , $191.60 , $766.40 ,01-08-2019,8, August ,2019
Germany, Fortune Cookie ,2146, $1.00 , $0.20 ," $2,146.00 ", $429.20 ," $1,716.80 ",01-09-2019,9, September ,2019
Canada, Fortune Cookie ,345, $1.00 , $0.20 , $345.00 , $69.00 , $276.00 ,01-10-2018,10, October ,2018
United States, Fortune Cookie ,615, $1.00 , $0.20 , $615.00 , $123.00 , $492.00 ,01-12-2019,12, December ,2019
Mexico, Fortune Cookie ,2214, $1.00 , $0.20 ," $2,214.00 ", $442.80 ," $1,771.20 ",01-03-2019,3, March ,2019
United States, Fortune Cookie ,2301, $1.00 , $0.20 ," $2,301.00 ", $460.20 ," $1,840.80 ",01-04-2019,4, April ,2019
France, Fortune Cookie ,1375.5, $1.00 , $0.20 ," $1,375.50 ", $275.10 ," $1,100.40 ",01-07-2019,7, July ,2019
Canada, Fortune Cookie ,1830, $1.00 , $0.20 ," $1,830.00 ", $366.00 ," $1,464.00 ",01-08-2019,8, August ,2019
United States, Fortune Cookie ,2498, $1.00 , $0.20 ," $2,498.00 ", $499.60 ," $1,998.40 ",01-09-2018,9, September ,2018
United States, Fortune Cookie ,663, $1.00 , $0.20 , $663.00 , $132.60 , $530.40 ,01-10-2018,10, October ,2018
United States, Fortune Cookie ,1142, $1.00 , $0.20 ," $1,142.00 ", $228.40 , $913.60 ,01-06-2019,6, June ,2019
United States, Fortune Cookie ,1566, $1.00 , $0.20 ," $1,566.00 ", $313.20 ," $1,252.80 ",01-10-2019,10, October ,2019
Mexico, Fortune Cookie ,690, $1.00 , $0.20 , $690.00 , $138.00 , $552.00 ,01-11-2019,11, November ,2019
Mexico, Fortune Cookie ,1660, $1.00 , $0.20 ," $1,660.00 ", $332.00 ," $1,328.00 ",01-11-2018,11, November ,2018
Germany, Fortune Cookie ,1958, $1.00 , $0.20 ," $1,958.00 ", $391.60 ," $1,566.40 ",01-02-2019,2, February ,2019
France, Fortune Cookie ,1901, $1.00 , $0.20 ," $1,901.00 ", $380.20 ," $1,520.80 ",01-06-2019,6, June ,2019
France, Fortune Cookie ,544, $1.00 , $0.20 , $544.00 , $108.80 , $435.20 ,01-09-2019,9, September ,2019
Germany, Fortune Cookie ,1797, $1.00 , $0.20 ," $1,797.00 ", $359.40 ," $1,437.60 ",01-09-2018,9, September ,2018
France, Fortune Cookie ,1287, $1.00 , $0.20 ," $1,287.00 ", $257.40 ," $1,029.60 ",01-12-2019,12, December ,2019
Germany, Fortune Cookie ,1706, $1.00 , $0.20 ," $1,706.00 ", $341.20 ," $1,364.80 ",01-12-2019,12, December ,2019
Mexico, Fortune Cookie ,2031, $1.00 , $0.20 ," $2,031.00 ", $406.20 ," $1,624.80 ",01-10-2019,10, October ,2019
Canada, Fortune Cookie ,1967, $1.00 , $0.20 ," $1,967.00 ", $393.40 ," $1,573.60 ",01-03-2019,3, March ,2019
Germany, Fortune Cookie ,1859, $1.00 , $0.20 ," $1,859.00 ", $371.80 ," $1,487.20 ",01-08-2019,8, August ,2019
Canada, Fortune Cookie ,2851, $1.00 , $0.20 ," $2,851.00 ", $570.20 ," $2,280.80 ",01-10-2018,10, October ,2018
Germany, Fortune Cookie ,2021, $1.00 , $0.20 ," $2,021.00 ", $404.20 ," $1,616.80 ",01-10-2019,10, October ,2019
Mexico, Fortune Cookie ,1138, $1.00 , $0.20 ," $1,138.00 ", $227.60 , $910.40 ,01-12-2019,12, December ,2019
Germany, Fortune Cookie ,1159, $1.00 , $0.20 ," $1,159.00 ", $231.80 , $927.20 ,01-10-2018,10, October ,2018
France, Fortune Cookie ,1384.5, $1.00 , $0.20 ," $1,384.50 ", $276.90 ," $1,107.60 ",01-01-2019,1, January ,2019
United States, Fortune Cookie ,3627, $1.00 , $0.20 ," $3,627.00 ", $725.40 ," $2,901.60 ",01-07-2019,7, July ,2019
Mexico, Fortune Cookie ,720, $1.00 , $0.20 , $720.00 , $144.00 , $576.00 ,01-09-2018,9, September ,2018
Germany, Fortune Cookie ,2342, $1.00 , $0.20 ," $2,342.00 ", $468.40 ," $1,873.60 ",01-11-2019,11, November ,2019
Mexico, Fortune Cookie ,1100, $1.00 , $0.20 ," $1,100.00 ", $220.00 , $880.00 ,01-12-2018,12, December ,2018
Mexico, Fortune Cookie ,980, $1.00 , $0.20 , $980.00 , $196.00 , $784.00 ,01-04-2019,4, April ,2019
Germany, Fortune Cookie ,1460, $1.00 , $0.20 ," $1,460.00 ", $292.00 ," $1,168.00 ",01-05-2019,5, May ,2019
France, Fortune Cookie ,1403, $1.00 , $0.20 ," $1,403.00 ", $280.60 ," $1,122.40 ",01-10-2018,10, October ,2018
United States, Fortune Cookie ,2723, $1.00 , $0.20 ," $2,723.00 ", $544.60 ," $2,178.40 ",01-11-2019,11, November ,2019
France, Fortune Cookie ,1757, $1.00 , $0.20 ," $1,757.00 ", $351.40 ," $1,405.60 ",01-10-2018,10, October ,2018
Mexico, Fortune Cookie ,2340, $1.00 , $0.20 ," $2,340.00 ", $468.00 ," $1,872.00 ",01-01-2019,1, January ,2019
France, Fortune Cookie ,2342, $1.00 , $0.20 ," $2,342.00 ", $468.40 ," $1,873.60 ",01-11-2019,11, November ,2019
France, Fortune Cookie ,1976, $1.00 , $0.20 ," $1,976.00 ", $395.20 ," $1,580.80 ",01-10-2019,10, October ,2019
France, Fortune Cookie ,2181, $1.00 , $0.20 ," $2,181.00 ", $436.20 ," $1,744.80 ",01-10-2019,10, October ,2019
Germany, Fortune Cookie ,2500, $1.00 , $0.20 ," $2,500.00 ", $500.00 ," $2,000.00 ",01-11-2018,11, November ,2018
Canada, Fortune Cookie ,488, $1.00 , $0.20 , $488.00 , $97.60 , $390.40 ,01-02-2019,2, February ,2019
United States, Fortune Cookie ,1282, $1.00 , $0.20 ," $1,282.00 ", $256.40 ," $1,025.60 ",01-06-2019,6, June ,2019
France, Fortune Cookie ,2501, $1.00 , $0.20 ," $2,501.00 ", $500.20 ," $2,000.80 ",01-03-2019,3, March ,2019
Canada, Fortune Cookie ,708, $1.00 , $0.20 , $708.00 , $141.60 , $566.40 ,01-06-2019,6, June ,2019
Germany, Fortune Cookie ,645, $1.00 , $0.20 , $645.00 , $129.00 , $516.00 ,01-07-2019,7, July ,2019
France, Fortune Cookie ,1562, $1.00 , $0.20 ," $1,562.00 ", $312.40 ," $1,249.60 ",01-08-2019,8, August ,2019
Canada, Fortune Cookie ,1283, $1.00 , $0.20 ," $1,283.00 ", $256.60 ," $1,026.40 ",01-09-2018,9, September ,2018
Germany, Fortune Cookie ,711, $1.00 , $0.20 , $711.00 , $142.20 , $568.80 ,01-12-2019,12, December ,2019
Canada, Fortune Cookie ,3802.5, $1.00 , $0.20 ," $3,802.50 ", $760.50 ," $3,042.00 ",01-04-2019,4, April ,2019
France, Fortune Cookie ,1666, $1.00 , $0.20 ," $1,666.00 ", $333.20 ," $1,332.80 ",01-05-2019,5, May ,2019
France, Fortune Cookie ,322, $1.00 , $0.20 , $322.00 , $64.40 , $257.60 ,01-09-2018,9, September ,2018
Canada, Fortune Cookie ,2321, $1.00 , $0.20 ," $2,321.00 ", $464.20 ," $1,856.80 ",01-11-2019,11, November ,2019
France, Fortune Cookie ,1857, $1.00 , $0.20 ," $1,857.00 ", $371.40 ," $1,485.60 ",01-11-2018,11, November ,2018
Canada, Fortune Cookie ,1611, $1.00 , $0.20 ," $1,611.00 ", $322.20 ," $1,288.80 ",01-12-2018,12, December ,2018
United States, Fortune Cookie ,2797, $1.00 , $0.20 ," $2,797.00 ", $559.40 ," $2,237.60 ",01-12-2019,12, December ,2019
Germany, Fortune Cookie ,334, $1.00 , $0.20 , $334.00 , $66.80 , $267.20 ,01-12-2018,12, December ,2018
United States, Fortune Cookie ,2328, $1.00 , $0.20 ," $2,328.00 ", $465.60 ," $1,862.40 ",01-09-2019,9, September ,2019
United States, Fortune Cookie ,2313, $1.00 , $0.20 ," $2,313.00 ", $462.60 ," $1,850.40 ",01-05-2019,5, May ,2019
United States, Fortune Cookie ,1804, $1.00 , $0.20 ," $1,804.00 ", $360.80 ," $1,443.20 ",01-11-2018,11, November ,2018
France, Fortune Cookie ,2072, $1.00 , $0.20 ," $2,072.00 ", $414.40 ," $1,657.60 ",01-12-2019,12, December ,2019
Germany, Fortune Cookie ,766, $1.00 , $0.20 , $766.00 , $153.20 , $612.80 ,01-01-2019,1, January ,2019
Germany, Fortune Cookie ,2992, $1.00 , $0.20 ," $2,992.00 ", $598.40 ," $2,393.60 ",01-10-2018,10, October ,2018
Mexico, Fortune Cookie ,2157, $1.00 , $0.20 ," $2,157.00 ", $431.40 ," $1,725.60 ",01-12-2019,12, December ,2019
United States, Fortune Cookie ,677, $1.00 , $0.20 , $677.00 , $135.40 , $541.60 ,01-03-2019,3, March ,2019
France, Fortune Cookie ,1773, $1.00 , $0.20 ," $1,773.00 ", $354.60 ," $1,418.40 ",01-04-2019,4, April ,2019
Mexico, Fortune Cookie ,2420, $1.00 , $0.20 ," $2,420.00 ", $484.00 ," $1,936.00 ",01-09-2019,9, September ,2019
Canada, Fortune Cookie ,2734, $1.00 , $0.20 ," $2,734.00 ", $546.80 ," $2,187.20 ",01-10-2019,10, October ,2019
Mexico, Fortune Cookie ,1715, $1.00 , $0.20 ," $1,715.00 ", $343.00 ," $1,372.00 ",01-10-2018,10, October ,2018
France, Fortune Cookie ,1186, $1.00 , $0.20 ," $1,186.00 ", $237.20 , $948.80 ,01-12-2018,12, December ,2018
Mexico, Fortune Cookie ,2661, $1.00 , $0.20 ," $2,661.00 ", $532.20 ," $2,128.80 ",01-05-2019,5, May ,2019
United States, Fortune Cookie ,982.5, $1.00 , $0.20 , $982.50 , $196.50 , $786.00 ,01-01-2019,1, January ,2019
United States, Fortune Cookie ,1298, $1.00 , $0.20 ," $1,298.00 ", $259.60 ," $1,038.40 ",01-02-2019,2, February ,2019
Mexico, Fortune Cookie ,604, $1.00 , $0.20 , $604.00 , $120.80 , $483.20 ,01-06-2019,6, June ,2019
Mexico, Fortune Cookie ,2255, $1.00 , $0.20 ," $2,255.00 ", $451.00 ," $1,804.00 ",01-07-2019,7, July ,2019
Canada, Fortune Cookie ,1249, $1.00 , $0.20 ," $1,249.00 ", $249.80 , $999.20 ,01-10-2019,10, October ,2019
France, Fortune Cookie ,293, $1.00 , $0.20 , $293.00 , $58.60 , $234.40 ,01-02-2019,2, February ,2019
United States, Fortune Cookie ,2996, $1.00 , $0.20 ," $2,996.00 ", $599.20 ," $2,396.80 ",01-10-2018,10, October ,2018
Canada, Fortune Cookie ,2227.5, $1.00 , $0.20 ," $2,227.50 ", $445.50 ," $1,782.00 ",01-01-2019,1, January ,2019
Germany, Fortune Cookie ,1199, $1.00 , $0.20 ," $1,199.00 ", $239.80 , $959.20 ,01-04-2019,4, April ,2019
Canada, Fortune Cookie ,200, $1.00 , $0.20 , $200.00 , $40.00 , $160.00 ,01-05-2019,5, May ,2019
Canada, Fortune Cookie ,388, $1.00 , $0.20 , $388.00 , $77.60 , $310.40 ,01-09-2019,9, September ,2019
Mexico, Fortune Cookie ,1727, $1.00 , $0.20 ," $1,727.00 ", $345.40 ," $1,381.60 ",01-10-2018,10, October ,2018
Canada, Fortune Cookie ,2300, $1.00 , $0.20 ," $2,300.00 ", $460.00 ," $1,840.00 ",01-12-2019,12, December ,2019
Mexico, Fortune Cookie ,546, $1.00 , $0.20 , $546.00 , $109.20 , $436.80 ,01-10-2019,10, October ,2019
Mexico, Fortune Cookie ,1368, $1.00 , $0.20 ," $1,368.00 ", $273.60 ," $1,094.40 ",01-02-2019,2, February ,2019
France, Oatmeal Raisin ,2750, $5.00 , $2.20 ," $13,750.00 "," $6,050.00 "," $7,700.00 ",01-02-2019,2, February ,2019
United States, Oatmeal Raisin ,1953, $5.00 , $2.20 ," $9,765.00 "," $4,296.60 "," $5,468.40 ",01-04-2019,4, April ,2019
Germany, Oatmeal Raisin ,4219.5, $5.00 , $2.20 ," $21,097.50 "," $9,282.90 "," $11,814.60 ",01-04-2019,4, April ,2019
France, Oatmeal Raisin ,1899, $5.00 , $2.20 ," $9,495.00 "," $4,177.80 "," $5,317.20 ",01-06-2019,6, June ,2019
Germany, Oatmeal Raisin ,1686, $5.00 , $2.20 ," $8,430.00 "," $3,709.20 "," $4,720.80 ",01-07-2019,7, July ,2019
United States, Oatmeal Raisin ,2141, $5.00 , $2.20 ," $10,705.00 "," $4,710.20 "," $5,994.80 ",01-08-2019,8, August ,2019
United States, Oatmeal Raisin ,1143, $5.00 , $2.20 ," $5,715.00 "," $2,514.60 "," $3,200.40 ",01-10-2019,10, October ,2019
United States, Oatmeal Raisin ,615, $5.00 , $2.20 ," $3,075.00 "," $1,353.00 "," $1,722.00 ",01-12-2019,12, December ,2019
United States, Oatmeal Raisin ,1989, $5.00 , $2.20 ," $9,945.00 "," $4,375.80 "," $5,569.20 ",01-09-2018,9, September ,2018
France, Oatmeal Raisin ,321, $5.00 , $2.20 ," $1,605.00 ", $706.20 , $898.80 ,01-11-2018,11, November ,2018
Germany, Oatmeal Raisin ,259, $5.00 , $2.20 ," $1,295.00 ", $569.80 , $725.20 ,01-03-2019,3, March ,2019
Mexico, Oatmeal Raisin ,1101, $5.00 , $2.20 ," $5,505.00 "," $2,422.20 "," $3,082.80 ",01-03-2019,3, March ,2019
Germany, Oatmeal Raisin ,2276, $5.00 , $2.20 ," $11,380.00 "," $5,007.20 "," $6,372.80 ",01-05-2019,5, May ,2019
Germany, Oatmeal Raisin ,2966, $5.00 , $2.20 ," $14,830.00 "," $6,525.20 "," $8,304.80 ",01-10-2018,10, October ,2018
United States, Oatmeal Raisin ,1236, $5.00 , $2.20 ," $6,180.00 "," $2,719.20 "," $3,460.80 ",01-11-2019,11, November ,2019
France, Oatmeal Raisin ,941, $5.00 , $2.20 ," $4,705.00 "," $2,070.20 "," $2,634.80 ",01-11-2019,11, November ,2019
Canada, Oatmeal Raisin ,1916, $5.00 , $2.20 ," $9,580.00 "," $4,215.20 "," $5,364.80 ",01-12-2019,12, December ,2019
Mexico, Oatmeal Raisin ,1865, $5.00 , $2.20 ," $9,325.00 "," $4,103.00 "," $5,222.00 ",01-02-2019,2, February ,2019
Mexico, Oatmeal Raisin ,1074, $5.00 , $2.20 ," $5,370.00 "," $2,362.80 "," $3,007.20 ",01-04-2019,4, April ,2019
Germany, Oatmeal Raisin ,1907, $5.00 , $2.20 ," $9,535.00 "," $4,195.40 "," $5,339.60 ",01-09-2019,9, September ,2019
United States, Oatmeal Raisin ,671, $5.00 , $2.20 ," $3,355.00 "," $1,476.20 "," $1,878.80 ",01-10-2018,10, October ,2018
Canada, Oatmeal Raisin ,1778, $5.00 , $2.20 ," $8,890.00 "," $3,911.60 "," $4,978.40 ",01-12-2018,12, December ,2018
Mexico, Oatmeal Raisin ,1683, $5.00 , $2.20 ," $8,415.00 "," $3,702.60 "," $4,712.40 ",01-07-2019,7, July ,2019
Mexico, Oatmeal Raisin ,1123, $5.00 , $2.20 ," $5,615.00 "," $2,470.60 "," $3,144.40 ",01-08-2019,8, August ,2019
Germany, Oatmeal Raisin ,1159, $5.00 , $2.20 ," $5,795.00 "," $2,549.80 "," $3,245.20 ",01-10-2018,10, October ,2018
Germany, Oatmeal Raisin ,1350, $5.00 , $2.20 ," $6,750.00 "," $2,970.00 "," $3,780.00 ",01-02-2019,2, February ,2019
Canada, Oatmeal Raisin ,552, $5.00 , $2.20 ," $2,760.00 "," $1,214.40 "," $1,545.60 ",01-08-2019,8, August ,2019
Canada, Oatmeal Raisin ,1228, $5.00 , $2.20 ," $6,140.00 "," $2,701.60 "," $3,438.40 ",01-10-2018,10, October ,2018
Germany, Oatmeal Raisin ,1250, $5.00 , $2.20 ," $6,250.00 "," $2,750.00 "," $3,500.00 ",01-12-2019,12, December ,2019
France, Oatmeal Raisin ,1987.5, $5.00 , $2.20 ," $9,937.50 "," $4,372.50 "," $5,565.00 ",01-01-2019,1, January ,2019
Mexico, Oatmeal Raisin ,1679, $5.00 , $2.20 ," $8,395.00 "," $3,693.80 "," $4,701.20 ",01-09-2019,9, September ,2019
United States, Oatmeal Raisin ,727, $5.00 , $2.20 ," $3,635.00 "," $1,599.40 "," $2,035.60 ",01-10-2018,10, October ,2018
France, Oatmeal Raisin ,1403, $5.00 , $2.20 ," $7,015.00 "," $3,086.60 "," $3,928.40 ",01-10-2018,10, October ,2018
France, Oatmeal Raisin ,2076, $5.00 , $2.20 ," $10,380.00 "," $4,567.20 "," $5,812.80 ",01-10-2018,10, October ,2018
Canada, Oatmeal Raisin ,1135, $5.00 , $2.20 ," $5,675.00 "," $2,497.00 "," $3,178.00 ",01-06-2019,6, June ,2019
Canada, Oatmeal Raisin ,1645, $5.00 , $2.20 ," $8,225.00 "," $3,619.00 "," $4,606.00 ",01-05-2019,5, May ,2019
France, Oatmeal Raisin ,2876, $5.00 , $2.20 ," $14,380.00 "," $6,327.20 "," $8,052.80 ",01-09-2019,9, September ,2019
Germany, Oatmeal Raisin ,994, $5.00 , $2.20 ," $4,970.00 "," $2,186.80 "," $2,783.20 ",01-09-2018,9, September ,2018
Canada, Oatmeal Raisin ,1118, $5.00 , $2.20 ," $5,590.00 "," $2,459.60 "," $3,130.40 ",01-11-2019,11, November ,2019
United States, Oatmeal Raisin ,1372, $5.00 , $2.20 ," $6,860.00 "," $3,018.40 "," $3,841.60 ",01-12-2019,12, December ,2019
United States, Oatmeal Raisin ,1282, $5.00 , $2.20 ," $6,410.00 "," $2,820.40 "," $3,589.60 ",01-06-2019,6, June ,2019
Canada, Oatmeal Raisin ,708, $5.00 , $2.20 ," $3,540.00 "," $1,557.60 "," $1,982.40 ",01-06-2019,6, June ,2019
United States, Oatmeal Raisin ,2907, $5.00 , $2.20 ," $14,535.00 "," $6,395.40 "," $8,139.60 ",01-06-2019,6, June ,2019
Germany, Oatmeal Raisin ,1366, $5.00 , $2.20 ," $6,830.00 "," $3,005.20 "," $3,824.80 ",01-06-2019,6, June ,2019
Mexico, Oatmeal Raisin ,2460, $5.00 , $2.20 ," $12,300.00 "," $5,412.00 "," $6,888.00 ",01-06-2019,6, June ,2019
Germany, Oatmeal Raisin ,1520, $5.00 , $2.20 ," $7,600.00 "," $3,344.00 "," $4,256.00 ",01-11-2019,11, November ,2019
Germany, Oatmeal Raisin ,711, $5.00 , $2.20 ," $3,555.00 "," $1,564.20 "," $1,990.80 ",01-12-2019,12, December ,2019
Mexico, Oatmeal Raisin ,1375, $5.00 , $2.20 ," $6,875.00 "," $3,025.00 "," $3,850.00 ",01-12-2018,12, December ,2018
Mexico, Oatmeal Raisin ,635, $5.00 , $2.20 ," $3,175.00 "," $1,397.00 "," $1,778.00 ",01-12-2019,12, December ,2019
United States, Oatmeal Raisin ,2071, $5.00 , $2.20 ," $10,355.00 "," $4,556.20 "," $5,798.80 ",01-09-2019,9, September ,2019
Canada, Oatmeal Raisin ,1269, $5.00 , $2.20 ," $6,345.00 "," $2,791.80 "," $3,553.20 ",01-10-2019,10, October ,2019
Germany, Oatmeal Raisin ,970, $5.00 , $2.20 ," $4,850.00 "," $2,134.00 "," $2,716.00 ",01-11-2018,11, November ,2018
Mexico, Oatmeal Raisin ,1694, $5.00 , $2.20 ," $8,470.00 "," $3,726.80 "," $4,743.20 ",01-11-2019,11, November ,2019
Mexico, Oatmeal Raisin ,1038, $5.00 , $2.20 ," $5,190.00 "," $2,283.60 "," $2,906.40 ",01-06-2019,6, June ,2019
Canada, Oatmeal Raisin ,1630.5, $5.00 , $2.20 ," $8,152.50 "," $3,587.10 "," $4,565.40 ",01-07-2019,7, July ,2019
France, Oatmeal Raisin ,306, $5.00 , $2.20 ," $1,530.00 ", $673.20 , $856.80 ,01-12-2018,12, December ,2018
United States, Oatmeal Raisin ,579, $5.00 , $2.20 ," $2,895.00 "," $1,273.80 "," $1,621.20 ",01-01-2019,1, January ,2019
Canada, Oatmeal Raisin ,2240, $5.00 , $2.20 ," $11,200.00 "," $4,928.00 "," $6,272.00 ",01-02-2019,2, February ,2019
United States, Oatmeal Raisin ,2993, $5.00 , $2.20 ," $14,965.00 "," $6,584.60 "," $8,380.40 ",01-03-2019,3, March ,2019
Canada, Oatmeal Raisin ,3520.5, $5.00 , $2.20 ," $17,602.50 "," $7,745.10 "," $9,857.40 ",01-04-2019,4, April ,2019
Mexico, Oatmeal Raisin ,2039, $5.00 , $2.20 ," $10,195.00 "," $4,485.80 "," $5,709.20 ",01-05-2019,5, May ,2019
Germany, Oatmeal Raisin ,2574, $5.00 , $2.20 ," $12,870.00 "," $5,662.80 "," $7,207.20 ",01-08-2019,8, August ,2019
Canada, Oatmeal Raisin ,707, $5.00 , $2.20 ," $3,535.00 "," $1,555.40 "," $1,979.60 ",01-09-2019,9, September ,2019
France, Oatmeal Raisin ,2072, $5.00 , $2.20 ," $10,360.00 "," $4,558.40 "," $5,801.60 ",01-12-2019,12, December ,2019
France, Oatmeal Raisin ,853, $5.00 , $2.20 ," $4,265.00 "," $1,876.60 "," $2,388.40 ",01-12-2019,12, December ,2019
United States, Oatmeal Raisin ,3199.5, $5.00 , $2.20 ," $15,997.50 "," $7,038.90 "," $8,958.60 ",01-07-2019,7, July ,2019
Germany, Oatmeal Raisin ,472, $5.00 , $2.20 ," $2,360.00 "," $1,038.40 "," $1,321.60 ",01-10-2019,10, October ,2019
Germany, Oatmeal Raisin ,3165, $5.00 , $2.20 ," $15,825.00 "," $6,963.00 "," $8,862.00 ",01-01-2019,1, January ,2019
Mexico, Oatmeal Raisin ,2629, $5.00 , $2.20 ," $13,145.00 "," $5,783.80 "," $7,361.20 ",01-01-2019,1, January ,2019
France, Oatmeal Raisin ,1433, $5.00 , $2.20 ," $7,165.00 "," $3,152.60 "," $4,012.40 ",01-05-2019,5, May ,2019
Mexico, Oatmeal Raisin ,947, $5.00 , $2.20 ," $4,735.00 "," $2,083.40 "," $2,651.60 ",01-09-2018,9, September ,2018
Mexico, Oatmeal Raisin ,344, $5.00 , $2.20 ," $1,720.00 ", $756.80 , $963.20 ,01-10-2018,10, October ,2018
Mexico, Oatmeal Raisin ,2157, $5.00 , $2.20 ," $10,785.00 "," $4,745.40 "," $6,039.60 ",01-12-2019,12, December ,2019
United States, Oatmeal Raisin ,270, $5.00 , $2.20 ," $1,350.00 ", $594.00 , $756.00 ,01-02-2019,2, February ,2019
France, Oatmeal Raisin ,3421.5, $5.00 , $2.20 ," $17,107.50 "," $7,527.30 "," $9,580.20 ",01-07-2019,7, July ,2019
Canada, Oatmeal Raisin ,2734, $5.00 , $2.20 ," $13,670.00 "," $6,014.80 "," $7,655.20 ",01-10-2019,10, October ,2019
United States, Oatmeal Raisin ,2548, $5.00 , $2.20 ," $12,740.00 "," $5,605.60 "," $7,134.40 ",01-11-2018,11, November ,2018
Canada, Oatmeal Raisin ,2761, $5.00 , $2.20 ," $13,805.00 "," $6,074.20 "," $7,730.80 ",01-09-2018,9, September ,2018
Canada, Oatmeal Raisin ,1659, $5.00 , $2.20 ," $8,295.00 "," $3,649.80 "," $4,645.20 ",01-01-2019,1, January ,2019
France, Oatmeal Raisin ,1190, $5.00 , $2.20 ," $5,950.00 "," $2,618.00 "," $3,332.00 ",01-06-2019,6, June ,2019
Mexico, Oatmeal Raisin ,410, $5.00 , $2.20 ," $2,050.00 ", $902.00 ," $1,148.00 ",01-10-2019,10, October ,2019
Germany, Oatmeal Raisin ,1770, $5.00 , $2.20 ," $8,850.00 "," $3,894.00 "," $4,956.00 ",01-12-2018,12, December ,2018
France, Oatmeal Raisin ,1393, $5.00 , $2.20 ," $6,965.00 "," $3,064.60 "," $3,900.40 ",01-10-2019,10, October ,2019
United States, Oatmeal Raisin ,2015, $5.00 , $2.20 ," $10,075.00 "," $4,433.00 "," $5,642.00 ",01-12-2018,12, December ,2018
Canada, Oatmeal Raisin ,888, $5.00 , $2.20 ," $4,440.00 "," $1,953.60 "," $2,486.40 ",01-03-2019,3, March ,2019
United States, Oatmeal Raisin ,2844, $5.00 , $2.20 ," $14,220.00 "," $6,256.80 "," $7,963.20 ",01-05-2019,5, May ,2019
France, Oatmeal Raisin ,2475, $5.00 , $2.20 ," $12,375.00 "," $5,445.00 "," $6,930.00 ",01-08-2019,8, August ,2019
Canada, Oatmeal Raisin ,1743, $5.00 , $2.20 ," $8,715.00 "," $3,834.60 "," $4,880.40 ",01-10-2018,10, October ,2018
United States, Oatmeal Raisin ,2914, $5.00 , $2.20 ," $14,570.00 "," $6,410.80 "," $8,159.20 ",01-10-2019,10, October ,2019
France, Oatmeal Raisin ,1731, $5.00 , $2.20 ," $8,655.00 "," $3,808.20 "," $4,846.80 ",01-10-2019,10, October ,2019
Mexico, Oatmeal Raisin ,1727, $5.00 , $2.20 ," $8,635.00 "," $3,799.40 "," $4,835.60 ",01-10-2018,10, October ,2018
Mexico, Oatmeal Raisin ,1870, $5.00 , $2.20 ," $9,350.00 "," $4,114.00 "," $5,236.00 ",01-11-2018,11, November ,2018
France, Oatmeal Raisin ,2475, $5.00 , $2.20 ," $12,375.00 "," $5,445.00 "," $6,930.00 ",01-03-2019,3, March ,2019
Mexico, Oatmeal Raisin ,546, $5.00 , $2.20 ," $2,730.00 "," $1,201.20 "," $1,528.80 ",01-10-2019,10, October ,2019
Canada, Snickerdoodle ,1618.5, $4.00 , $1.50 ," $6,474.00 "," $2,427.75 "," $4,046.25 ",01-01-2019,1, January ,2019
Germany, Snickerdoodle ,1321, $4.00 , $1.50 ," $5,284.00 "," $1,981.50 "," $3,302.50 ",01-01-2019,1, January ,2019
France, Snickerdoodle ,2178, $4.00 , $1.50 ," $8,712.00 "," $3,267.00 "," $5,445.00 ",01-06-2019,6, June ,2019
Germany, Snickerdoodle ,888, $4.00 , $1.50 ," $3,552.00 "," $1,332.00 "," $2,220.00 ",01-06-2019,6, June ,2019
Mexico, Snickerdoodle ,2470, $4.00 , $1.50 ," $9,880.00 "," $3,705.00 "," $6,175.00 ",01-06-2019,6, June ,2019
Germany, Snickerdoodle ,1513, $4.00 , $1.50 ," $6,052.00 "," $2,269.50 "," $3,782.50 ",01-12-2019,12, December ,2019
United States, Snickerdoodle ,1858, $4.00 , $1.50 ," $7,432.00 "," $2,787.00 "," $4,645.00 ",01-02-2019,2, February ,2019
Mexico, Snickerdoodle ,1210, $4.00 , $1.50 ," $4,840.00 "," $1,815.00 "," $3,025.00 ",01-03-2019,3, March ,2019
United States, Snickerdoodle ,2529, $4.00 , $1.50 ," $10,116.00 "," $3,793.50 "," $6,322.50 ",01-07-2019,7, July ,2019
Canada, Snickerdoodle ,1445, $4.00 , $1.50 ," $5,780.00 "," $2,167.50 "," $3,612.50 ",01-09-2019,9, September ,2019
United States, Snickerdoodle ,330, $4.00 , $1.50 ," $1,320.00 ", $495.00 , $825.00 ,01-09-2018,9, September ,2018
France, Snickerdoodle ,2671, $4.00 , $1.50 ," $10,684.00 "," $4,006.50 "," $6,677.50 ",01-09-2019,9, September ,2019
Germany, Snickerdoodle ,766, $4.00 , $1.50 ," $3,064.00 "," $1,149.00 "," $1,915.00 ",01-10-2018,10, October ,2018
Mexico, Snickerdoodle ,494, $4.00 , $1.50 ," $1,976.00 ", $741.00 ," $1,235.00 ",01-10-2018,10, October ,2018
Mexico, Snickerdoodle ,1397, $4.00 , $1.50 ," $5,588.00 "," $2,095.50 "," $3,492.50 ",01-10-2019,10, October ,2019
France, Snickerdoodle ,2155, $4.00 , $1.50 ," $8,620.00 "," $3,232.50 "," $5,387.50 ",01-12-2019,12, December ,2019
Canada, Snickerdoodle ,742.5, $4.00 , $1.50 ," $2,970.00 "," $1,113.75 "," $1,856.25 ",01-04-2019,4, April ,2019
Canada, Snickerdoodle ,1295, $4.00 , $1.50 ," $5,180.00 "," $1,942.50 "," $3,237.50 ",01-10-2019,10, October ,2019
Germany, Snickerdoodle ,214, $4.00 , $1.50 , $856.00 , $321.00 , $535.00 ,01-10-2018,10, October ,2018
France, Snickerdoodle ,2145, $4.00 , $1.50 ," $8,580.00 "," $3,217.50 "," $5,362.50 ",01-11-2018,11, November ,2018
Canada, Snickerdoodle ,2852, $4.00 , $1.50 ," $11,408.00 "," $4,278.00 "," $7,130.00 ",01-12-2019,12, December ,2019
France, Snickerdoodle ,4243.5, $4.00 , $1.50 ," $16,974.00 "," $6,365.25 "," $10,608.75 ",01-04-2019,4, April ,2019
Germany, Snickerdoodle ,2580, $4.00 , $1.50 ," $10,320.00 "," $3,870.00 "," $6,450.00 ",01-04-2019,4, April ,2019
Germany, Snickerdoodle ,689, $4.00 , $1.50 ," $2,756.00 "," $1,033.50 "," $1,722.50 ",01-06-2019,6, June ,2019
United States, Snickerdoodle ,1947, $4.00 , $1.50 ," $7,788.00 "," $2,920.50 "," $4,867.50 ",01-09-2019,9, September ,2019
Canada, Snickerdoodle ,908, $4.00 , $1.50 ," $3,632.00 "," $1,362.00 "," $2,270.00 ",01-12-2018,12, December ,2018
Canada, Snickerdoodle ,831, $4.00 , $1.50 ," $3,324.00 "," $1,246.50 "," $2,077.50 ",01-05-2019,5, May ,2019
Canada, Snickerdoodle ,2851, $4.00 , $1.50 ," $11,404.00 "," $4,276.50 "," $7,127.50 ",01-10-2018,10, October ,2018
Germany, Snickerdoodle ,2021, $4.00 , $1.50 ," $8,084.00 "," $3,031.50 "," $5,052.50 ",01-10-2019,10, October ,2019
United States, Snickerdoodle ,274, $4.00 , $1.50 ," $1,096.00 ", $411.00 , $685.00 ,01-12-2019,12, December ,2019
France, Snickerdoodle ,1865, $4.00 , $1.50 ," $7,460.00 "," $2,797.50 "," $4,662.50 ",01-02-2019,2, February ,2019
Germany, Snickerdoodle ,1116, $4.00 , $1.50 ," $4,464.00 "," $1,674.00 "," $2,790.00 ",01-02-2019,2, February ,2019
France, Snickerdoodle ,1563, $4.00 , $1.50 ," $6,252.00 "," $2,344.50 "," $3,907.50 ",01-05-2019,5, May ,2019
United States, Snickerdoodle ,991, $4.00 , $1.50 ," $3,964.00 "," $1,486.50 "," $2,477.50 ",01-06-2019,6, June ,2019
Germany, Snickerdoodle ,1016, $4.00 , $1.50 ," $4,064.00 "," $1,524.00 "," $2,540.00 ",01-11-2018,11, November ,2018
Mexico, Snickerdoodle ,2791, $4.00 , $1.50 ," $11,164.00 "," $4,186.50 "," $6,977.50 ",01-11-2019,11, November ,2019
United States, Snickerdoodle ,570, $4.00 , $1.50 ," $2,280.00 ", $855.00 ," $1,425.00 ",01-12-2019,12, December ,2019
France, Snickerdoodle ,2487, $4.00 , $1.50 ," $9,948.00 "," $3,730.50 "," $6,217.50 ",01-12-2019,12, December ,2019
United States, Snickerdoodle ,1117.5, $4.00 , $1.50 ," $4,470.00 "," $1,676.25 "," $2,793.75 ",01-01-2019,1, January ,2019
Canada, Snickerdoodle ,2844, $4.00 , $1.50 ," $11,376.00 "," $4,266.00 "," $7,110.00 ",01-06-2019,6, June ,2019
Mexico, Snickerdoodle ,562, $4.00 , $1.50 ," $2,248.00 ", $843.00 ," $1,405.00 ",01-09-2019,9, September ,2019
Canada, Snickerdoodle ,2299, $4.00 , $1.50 ," $9,196.00 "," $3,448.50 "," $5,747.50 ",01-10-2018,10, October ,2018
United States, Snickerdoodle ,2030, $4.00 , $1.50 ," $8,120.00 "," $3,045.00 "," $5,075.00 ",01-11-2019,11, November ,2019
United States, Snickerdoodle ,263, $4.00 , $1.50 ," $1,052.00 ", $394.50 , $657.50 ,01-11-2018,11, November ,2018
Germany, Snickerdoodle ,887, $4.00 , $1.50 ," $3,548.00 "," $1,330.50 "," $2,217.50 ",01-12-2018,12, December ,2018
Mexico, Snickerdoodle ,727, $4.00 , $1.50 ," $2,908.00 "," $1,090.50 "," $1,817.50 ",01-02-2019,2, February ,2019
Canada, Snickerdoodle ,1884, $4.00 , $1.50 ," $7,536.00 "," $2,826.00 "," $4,710.00 ",01-08-2019,8, August ,2019
Mexico, Snickerdoodle ,1834, $4.00 , $1.50 ," $7,336.00 "," $2,751.00 "," $4,585.00 ",01-09-2018,9, September ,2018
United States, Snickerdoodle ,1761, $4.00 , $1.50 ," $7,044.00 "," $2,641.50 "," $4,402.50 ",01-03-2019,3, March ,2019
France, Snickerdoodle ,448, $4.00 , $1.50 ," $1,792.00 ", $672.00 ," $1,120.00 ",01-06-2019,6, June ,2019
France, Snickerdoodle ,2181, $4.00 , $1.50 ," $8,724.00 "," $3,271.50 "," $5,452.50 ",01-10-2019,10, October ,2019
Mexico, Snickerdoodle ,1540, $4.00 , $1.50 ," $6,160.00 "," $2,310.00 "," $3,850.00 ",01-08-2019,8, August ,2019
France, Snickerdoodle ,490, $4.00 , $1.50 ," $1,960.00 ", $735.00 ," $1,225.00 ",01-11-2019,11, November ,2019
Mexico, Snickerdoodle ,1362, $4.00 , $1.50 ," $5,448.00 "," $2,043.00 "," $3,405.00 ",01-12-2019,12, December ,2019
Canada, Snickerdoodle ,1094, $4.00 , $1.50 ," $4,376.00 "," $1,641.00 "," $2,735.00 ",01-06-2019,6, June ,2019
Mexico, Snickerdoodle ,367, $4.00 , $1.50 ," $1,468.00 ", $550.50 , $917.50 ,01-10-2018,10, October ,2018
Germany, Snickerdoodle ,663, $4.00 , $1.50 ," $2,652.00 ", $994.50 ," $1,657.50 ",01-05-2019,5, May ,2019
Canada, Snickerdoodle ,819, $4.00 , $1.50 ," $3,276.00 "," $1,228.50 "," $2,047.50 ",01-07-2019,7, July ,2019
Germany, Snickerdoodle ,1580, $4.00 , $1.50 ," $6,320.00 "," $2,370.00 "," $3,950.00 ",01-09-2019,9, September ,2019
Mexico, Snickerdoodle ,521, $4.00 , $1.50 ," $2,084.00 ", $781.50 ," $1,302.50 ",01-12-2019,12, December ,2019
United States, Snickerdoodle ,386, $4.00 , $1.50 ," $1,544.00 ", $579.00 , $965.00 ,01-10-2018,10, October ,2018
United States, Snickerdoodle ,3445.5, $4.00 , $1.50 ," $13,782.00 "," $5,168.25 "," $8,613.75 ",01-04-2019,4, April ,2019
France, Snickerdoodle ,1482, $4.00 , $1.50 ," $5,928.00 "," $2,223.00 "," $3,705.00 ",01-12-2018,12, December ,2018
France, Snickerdoodle ,1198, $4.00 , $1.50 ," $4,792.00 "," $1,797.00 "," $2,995.00 ",01-10-2018,10, October ,2018
Canada, Snickerdoodle ,1937, $4.00 , $1.50 ," $7,748.00 "," $2,905.50 "," $4,842.50 ",01-02-2019,2, February ,2019
Germany, Snickerdoodle ,792, $4.00 , $1.50 ," $3,168.00 "," $1,188.00 "," $1,980.00 ",01-03-2019,3, March ,2019
Germany, Snickerdoodle ,2811, $4.00 , $1.50 ," $11,244.00 "," $4,216.50 "," $7,027.50 ",01-07-2019,7, July ,2019
France, Snickerdoodle ,2441, $4.00 , $1.50 ," $9,764.00 "," $3,661.50 "," $6,102.50 ",01-10-2019,10, October ,2019
Canada, Snickerdoodle ,1560, $4.00 , $1.50 ," $6,240.00 "," $2,340.00 "," $3,900.00 ",01-11-2018,11, November ,2018
Mexico, Snickerdoodle ,2706, $4.00 , $1.50 ," $10,824.00 "," $4,059.00 "," $6,765.00 ",01-11-2018,11, November ,2018
Mexico, Snickerdoodle ,886, $4.00 , $1.50 ," $3,544.00 "," $1,329.00 "," $2,215.00 ",01-06-2019,6, June ,2019
Canada, Snickerdoodle ,2416, $4.00 , $1.50 ," $9,664.00 "," $3,624.00 "," $6,040.00 ",01-09-2018,9, September ,2018
Mexico, Snickerdoodle ,2156, $4.00 , $1.50 ," $8,624.00 "," $3,234.00 "," $5,390.00 ",01-10-2019,10, October ,2019
Canada, Snickerdoodle ,2689, $4.00 , $1.50 ," $10,756.00 "," $4,033.50 "," $6,722.50 ",01-11-2019,11, November ,2019
France, Snickerdoodle ,2521.5, $4.00 , $1.50 ," $10,086.00 "," $3,782.25 "," $6,303.75 ",01-01-2019,1, January ,2019
United States, Snickerdoodle ,2567, $4.00 , $1.50 ," $10,268.00 "," $3,850.50 "," $6,417.50 ",01-06-2019,6, June ,2019
Canada, Snickerdoodle ,923, $4.00 , $1.50 ," $3,692.00 "," $1,384.50 "," $2,307.50 ",01-03-2019,3, March ,2019
France, Snickerdoodle ,1790, $4.00 , $1.50 ," $7,160.00 "," $2,685.00 "," $4,475.00 ",01-03-2019,3, March ,2019
Germany, Snickerdoodle ,442, $4.00 , $1.50 ," $1,768.00 ", $663.00 ," $1,105.00 ",01-09-2018,9, September ,2018
Mexico, Snickerdoodle ,2579, $4.00 , $1.50 ," $10,316.00 "," $3,868.50 "," $6,447.50 ",01-04-2019,4, April ,2019
United States, Snickerdoodle ,1743, $4.00 , $1.50 ," $6,972.00 "," $2,614.50 "," $4,357.50 ",01-05-2019,5, May ,2019
United States, Snickerdoodle ,2996, $4.00 , $1.50 ," $11,984.00 "," $4,494.00 "," $7,490.00 ",01-10-2018,10, October ,2018
Germany, Snickerdoodle ,280, $4.00 , $1.50 ," $1,120.00 ", $420.00 , $700.00 ,01-12-2019,12, December ,2019
Mexico, Snickerdoodle ,801, $4.00 , $1.50 ," $3,204.00 "," $1,201.50 "," $2,002.50 ",01-07-2019,7, July ,2019
France, Snickerdoodle ,1023, $4.00 , $1.50 ," $4,092.00 "," $1,534.50 "," $2,557.50 ",01-09-2018,9, September ,2018
Canada, Snickerdoodle ,1496, $4.00 , $1.50 ," $5,984.00 "," $2,244.00 "," $3,740.00 ",01-10-2019,10, October ,2019
United States, Snickerdoodle ,1010, $4.00 , $1.50 ," $4,040.00 "," $1,515.00 "," $2,525.00 ",01-10-2019,10, October ,2019
Germany, Snickerdoodle ,1513, $4.00 , $1.50 ," $6,052.00 "," $2,269.50 "," $3,782.50 ",01-11-2019,11, November ,2019
Canada, Snickerdoodle ,2300, $4.00 , $1.50 ," $9,200.00 "," $3,450.00 "," $5,750.00 ",01-12-2019,12, December ,2019
Mexico, Snickerdoodle ,2821, $4.00 , $1.50 ," $11,284.00 "," $4,231.50 "," $7,052.50 ",01-12-2018,12, December ,2018
France, Snickerdoodle ,1174, $4.00 , $1.50 ," $4,696.00 "," $1,761.00 "," $2,935.00 ",01-08-2019,8, August ,2019
Germany, Snickerdoodle ,2767, $4.00 , $1.50 ," $11,068.00 "," $4,150.50 "," $6,917.50 ",01-08-2019,8, August ,2019
Germany, Snickerdoodle ,1085, $4.00 , $1.50 ," $4,340.00 "," $1,627.50 "," $2,712.50 ",01-10-2019,10, October ,2019
Canada, Sugar ,2001, $3.00 , $1.25 ," $6,003.00 "," $2,501.25 "," $3,501.75 ",01-02-2019,2, February ,2019
Germany, Sugar ,2838, $3.00 , $1.25 ," $8,514.00 "," $3,547.50 "," $4,966.50 ",01-04-2019,4, April ,2019
France, Sugar ,2178, $3.00 , $1.25 ," $6,534.00 "," $2,722.50 "," $3,811.50 ",01-06-2019,6, June ,2019
Germany, Sugar ,888, $3.00 , $1.25 ," $2,664.00 "," $1,110.00 "," $1,554.00 ",01-06-2019,6, June ,2019
France, Sugar ,1527, $3.00 , $1.25 ," $4,581.00 "," $1,908.75 "," $2,672.25 ",01-09-2018,9, September ,2018
France, Sugar ,2151, $3.00 , $1.25 ," $6,453.00 "," $2,688.75 "," $3,764.25 ",01-09-2019,9, September ,2019
Canada, Sugar ,1817, $3.00 , $1.25 ," $5,451.00 "," $2,271.25 "," $3,179.75 ",01-12-2019,12, December ,2019
Canada, Sugar ,1326, $3.00 , $1.25 ," $3,978.00 "," $1,657.50 "," $2,320.50 ",01-03-2019,3, March ,2019
Germany, Sugar ,263, $3.00 , $1.25 , $789.00 , $328.75 , $460.25 ,01-03-2019,3, March ,2019
Canada, Sugar ,943.5, $3.00 , $1.25 ," $2,830.50 "," $1,179.38 "," $1,651.13 ",01-04-2019,4, April ,2019
United States, Sugar ,727, $3.00 , $1.25 ," $2,181.00 ", $908.75 ," $1,272.25 ",01-06-2019,6, June ,2019
France, Sugar ,787, $3.00 , $1.25 ," $2,361.00 ", $983.75 ," $1,377.25 ",01-06-2019,6, June ,2019
Germany, Sugar ,986, $3.00 , $1.25 ," $2,958.00 "," $1,232.50 "," $1,725.50 ",01-09-2019,9, September ,2019
Mexico, Sugar ,494, $3.00 , $1.25 ," $1,482.00 ", $617.50 , $864.50 ,01-10-2018,10, October ,2018
Mexico, Sugar ,1397, $3.00 , $1.25 ," $4,191.00 "," $1,746.25 "," $2,444.75 ",01-10-2019,10, October ,2019
France, Sugar ,1744, $3.00 , $1.25 ," $5,232.00 "," $2,180.00 "," $3,052.00 ",01-11-2019,11, November ,2019
Mexico, Sugar ,662, $3.00 , $1.25 ," $1,986.00 ", $827.50 ," $1,158.50 ",01-06-2019,6, June ,2019
Germany, Sugar ,214, $3.00 , $1.25 , $642.00 , $267.50 , $374.50 ,01-10-2018,10, October ,2018
Germany, Sugar ,2877, $3.00 , $1.25 ," $8,631.00 "," $3,596.25 "," $5,034.75 ",01-10-2019,10, October ,2019
Canada, Sugar ,2729, $3.00 , $1.25 ," $8,187.00 "," $3,411.25 "," $4,775.75 ",01-12-2019,12, December ,2019
United States, Sugar ,266, $3.00 , $1.25 , $798.00 , $332.50 , $465.50 ,01-12-2018,12, December ,2018
Mexico, Sugar ,1940, $3.00 , $1.25 ," $5,820.00 "," $2,425.00 "," $3,395.00 ",01-12-2018,12, December ,2018
United States, Sugar ,2844, $3.00 , $1.25 ," $8,532.00 "," $3,555.00 "," $4,977.00 ",01-02-2019,2, February ,2019
Mexico, Sugar ,1916, $3.00 , $1.25 ," $5,748.00 "," $2,395.00 "," $3,353.00 ",01-04-2019,4, April ,2019
Germany, Sugar ,1570, $3.00 , $1.25 ," $4,710.00 "," $1,962.50 "," $2,747.50 ",01-06-2019,6, June ,2019
Canada, Sugar ,1874, $3.00 , $1.25 ," $5,622.00 "," $2,342.50 "," $3,279.50 ",01-08-2019,8, August ,2019
Mexico, Sugar ,1642, $3.00 , $1.25 ," $4,926.00 "," $2,052.50 "," $2,873.50 ",01-08-2019,8, August ,2019
Germany, Sugar ,1945, $3.00 , $1.25 ," $5,835.00 "," $2,431.25 "," $3,403.75 ",01-10-2018,10, October ,2018
Germany, Sugar ,2479, $3.00 , $1.25 ," $7,437.00 "," $3,098.75 "," $4,338.25 ",01-01-2019,1, January ,2019
France, Sugar ,866, $3.00 , $1.25 ," $2,598.00 "," $1,082.50 "," $1,515.50 ",01-05-2019,5, May ,2019
United States, Sugar ,349, $3.00 , $1.25 ," $1,047.00 ", $436.25 , $610.75 ,01-09-2018,9, September ,2018
France, Sugar ,2177, $3.00 , $1.25 ," $6,531.00 "," $2,721.25 "," $3,809.75 ",01-10-2019,10, October ,2019
Mexico, Sugar ,1514, $3.00 , $1.25 ," $4,542.00 "," $1,892.50 "," $2,649.50 ",01-10-2018,10, October ,2018
Mexico, Sugar ,2689, $3.00 , $1.25 ," $8,067.00 "," $3,361.25 "," $4,705.75 ",01-10-2019,10, October ,2019
Canada, Sugar ,1389, $3.00 , $1.25 ," $4,167.00 "," $1,736.25 "," $2,430.75 ",01-10-2018,10, October ,2018
United States, Sugar ,1265, $3.00 , $1.25 ," $3,795.00 "," $1,581.25 "," $2,213.75 ",01-11-2018,11, November ,2018
Germany, Sugar ,2297, $3.00 , $1.25 ," $6,891.00 "," $2,871.25 "," $4,019.75 ",01-11-2018,11, November ,2018
United States, Sugar ,2663, $3.00 , $1.25 ," $7,989.00 "," $3,328.75 "," $4,660.25 ",01-12-2019,12, December ,2019
United States, Sugar ,570, $3.00 , $1.25 ," $1,710.00 ", $712.50 , $997.50 ,01-12-2019,12, December ,2019
France, Sugar ,2487, $3.00 , $1.25 ," $7,461.00 "," $3,108.75 "," $4,352.25 ",01-12-2019,12, December ,2019
Canada, Sugar ,2844, $3.00 , $1.25 ," $8,532.00 "," $3,555.00 "," $4,977.00 ",01-06-2019,6, June ,2019
Mexico, Sugar ,1498, $3.00 , $1.25 ," $4,494.00 "," $1,872.50 "," $2,621.50 ",01-06-2019,6, June ,2019
France, Sugar ,1221, $3.00 , $1.25 ," $3,663.00 "," $1,526.25 "," $2,136.75 ",01-10-2018,10, October ,2018
Mexico, Sugar ,1123, $3.00 , $1.25 ," $3,369.00 "," $1,403.75 "," $1,965.25 ",01-11-2018,11, November ,2018
Canada, Sugar ,2436, $3.00 , $1.25 ," $7,308.00 "," $3,045.00 "," $4,263.00 ",01-12-2018,12, December ,2018
United States, Sugar ,1153, $3.00 , $1.25 ," $3,459.00 "," $1,441.25 "," $2,017.75 ",01-10-2019,10, October ,2019
France, Sugar ,1738.5, $3.00 , $1.25 ," $5,215.50 "," $2,173.13 "," $3,042.38 ",01-04-2019,4, April ,2019
Germany, Sugar ,2215, $3.00 , $1.25 ," $6,645.00 "," $2,768.75 "," $3,876.25 ",01-09-2018,9, September ,2018
Canada, Sugar ,1582, $3.00 , $1.25 ," $4,746.00 "," $1,977.50 "," $2,768.50 ",01-12-2019,12, December ,2019
Canada, Sugar ,3244.5, $3.00 , $1.25 ," $9,733.50 "," $4,055.63 "," $5,677.88 ",01-01-2019,1, January ,2019
France, Sugar ,959, $3.00 , $1.25 ," $2,877.00 "," $1,198.75 "," $1,678.25 ",01-02-2019,2, February ,2019
Mexico, Sugar ,2747, $3.00 , $1.25 ," $8,241.00 "," $3,433.75 "," $4,807.25 ",01-02-2019,2, February ,2019
France, Sugar ,574.5, $3.00 , $1.25 ," $1,723.50 ", $718.13 ," $1,005.38 ",01-04-2019,4, April ,2019
Germany, Sugar ,2338, $3.00 , $1.25 ," $7,014.00 "," $2,922.50 "," $4,091.50 ",01-06-2019,6, June ,2019
France, Sugar ,381, $3.00 , $1.25 ," $1,143.00 ", $476.25 , $666.75 ,01-08-2019,8, August ,2019
Germany, Sugar ,422, $3.00 , $1.25 ," $1,266.00 ", $527.50 , $738.50 ,01-08-2019,8, August ,2019
Canada, Sugar ,2134, $3.00 , $1.25 ," $6,402.00 "," $2,667.50 "," $3,734.50 ",01-09-2019,9, September ,2019
United States, Sugar ,808, $3.00 , $1.25 ," $2,424.00 "," $1,010.00 "," $1,414.00 ",01-12-2018,12, December ,2018
United States, Sugar ,436.5, $3.00 , $1.25 ," $1,309.50 ", $545.63 , $763.88 ,01-07-2019,7, July ,2019
United States, Sugar ,1956, $3.00 , $1.25 ," $5,868.00 "," $2,445.00 "," $3,423.00 ",01-01-2019,1, January ,2019
Germany, Sugar ,2659, $3.00 , $1.25 ," $7,977.00 "," $3,323.75 "," $4,653.25 ",01-02-2019,2, February ,2019
United States, Sugar ,1351.5, $3.00 , $1.25 ," $4,054.50 "," $1,689.38 "," $2,365.13 ",01-04-2019,4, April ,2019
Germany, Sugar ,880, $3.00 , $1.25 ," $2,640.00 "," $1,100.00 "," $1,540.00 ",01-05-2019,5, May ,2019
United States, Sugar ,1867, $3.00 , $1.25 ," $5,601.00 "," $2,333.75 "," $3,267.25 ",01-09-2019,9, September ,2019
France, Sugar ,2234, $3.00 , $1.25 ," $6,702.00 "," $2,792.50 "," $3,909.50 ",01-09-2018,9, September ,2018
France, Sugar ,1227, $3.00 , $1.25 ," $3,681.00 "," $1,533.75 "," $2,147.25 ",01-10-2019,10, October ,2019
Mexico, Sugar ,877, $3.00 , $1.25 ," $2,631.00 "," $1,096.25 "," $1,534.75 ",01-11-2019,11, November ,2019
Germany, Sugar ,360, $3.00 , $1.25 ," $1,080.00 ", $450.00 , $630.00 ,01-10-2019,10, October ,2019
France, Sugar ,2682, $3.00 , $1.25 ," $8,046.00 "," $3,352.50 "," $4,693.50 ",01-11-2018,11, November ,2018
Mexico, Sugar ,521, $3.00 , $1.25 ," $1,563.00 ", $651.25 , $911.75 ,01-12-2019,12, December ,2019
Mexico, Sugar ,341, $3.00 , $1.25 ," $1,023.00 ", $426.25 , $596.75 ,01-05-2019,5, May ,2019
Mexico, Sugar ,641, $3.00 , $1.25 ," $1,923.00 ", $801.25 ," $1,121.75 ",01-07-2019,7, July ,2019
United States, Sugar ,2807, $3.00 , $1.25 ," $8,421.00 "," $3,508.75 "," $4,912.25 ",01-08-2019,8, August ,2019
Mexico, Sugar ,432, $3.00 , $1.25 ," $1,296.00 ", $540.00 , $756.00 ,01-09-2019,9, September ,2019
United States, Sugar ,2294, $3.00 , $1.25 ," $6,882.00 "," $2,867.50 "," $4,014.50 ",01-10-2018,10, October ,2018
France, Sugar ,2167, $3.00 , $1.25 ," $6,501.00 "," $2,708.75 "," $3,792.25 ",01-10-2018,10, October ,2018
Canada, Sugar ,2529, $3.00 , $1.25 ," $7,587.00 "," $3,161.25 "," $4,425.75 ",01-11-2019,11, November ,2019
Germany, Sugar ,1870, $3.00 , $1.25 ," $5,610.00 "," $2,337.50 "," $3,272.50 ",01-12-2018,12, December ,2018
United States, Sugar ,1579, $3.00 , $1.25 ," $4,737.00 "," $1,973.75 "," $2,763.25 ",01-03-2019,3, March ,2019
Mexico, Sugar ,1005, $3.00 , $1.25 ," $3,015.00 "," $1,256.25 "," $1,758.75 ",01-09-2018,9, September ,2018
France, Sugar ,1734, $3.00 , $1.25 ," $5,202.00 "," $2,167.50 "," $3,034.50 ",01-01-2019,1, January ,2019
Mexico, Sugar ,554, $3.00 , $1.25 ," $1,662.00 ", $692.50 , $969.50 ,01-01-2019,1, January ,2019
Canada, Sugar ,2935, $3.00 , $1.25 ," $8,805.00 "," $3,668.75 "," $5,136.25 ",01-11-2018,11, November ,2018
Canada, Sugar ,2109, $3.00 , $1.25 ," $6,327.00 "," $2,636.25 "," $3,690.75 ",01-05-2019,5, May ,2019
France, Sugar ,3874.5, $3.00 , $1.25 ," $11,623.50 "," $4,843.13 "," $6,780.38 ",01-07-2019,7, July ,2019
Canada, Sugar ,623, $3.00 , $1.25 ," $1,869.00 ", $778.75 ," $1,090.25 ",01-09-2018,9, September ,2018
United States, Sugar ,986, $3.00 , $1.25 ," $2,958.00 "," $1,232.50 "," $1,725.50 ",01-10-2019,10, October ,2019
United States, Sugar ,2387, $3.00 , $1.25 ," $7,161.00 "," $2,983.75 "," $4,177.25 ",01-11-2019,11, November ,2019
Mexico, Sugar ,1233, $3.00 , $1.25 ," $3,699.00 "," $1,541.25 "," $2,157.75 ",01-12-2019,12, December ,2019
France, Sugar ,1491, $3.00 , $1.25 ," $4,473.00 "," $1,863.75 "," $2,609.25 ",01-03-2019,3, March ,2019
Germany, Sugar ,1531, $3.00 , $1.25 ," $4,593.00 "," $1,913.75 "," $2,679.25 ",01-12-2019,12, December ,2019
United States, Sugar ,2567, $3.00 , $1.25 ," $7,701.00 "," $3,208.75 "," $4,492.25 ",01-06-2019,6, June ,2019
Canada, Sugar ,1583, $3.00 , $1.25 ," $4,749.00 "," $1,978.75 "," $2,770.25 ",01-06-2019,6, June ,2019
Canada, Sugar ,1565, $3.00 , $1.25 ," $4,695.00 "," $1,956.25 "," $2,738.75 ",01-10-2019,10, October ,2019
Germany, Sugar ,280, $3.00 , $1.25 , $840.00 , $350.00 , $490.00 ,01-12-2019,12, December ,2019
Mexico, Sugar ,2903, $3.00 , $1.25 ," $8,709.00 "," $3,628.75 "," $5,080.25 ",01-03-2019,3, March ,2019
United States, Sugar ,2541, $3.00 , $1.25 ," $7,623.00 "," $3,176.25 "," $4,446.75 ",01-08-2019,8, August ,2019
Canada, Sugar ,269, $3.00 , $1.25 , $807.00 , $336.25 , $470.75 ,01-10-2018,10, October ,2018
Canada, Sugar ,1496, $3.00 , $1.25 ," $4,488.00 "," $1,870.00 "," $2,618.00 ",01-10-2019,10, October ,2019
United States, Sugar ,1010, $3.00 , $1.25 ," $3,030.00 "," $1,262.50 "," $1,767.50 ",01-10-2019,10, October ,2019
France, Sugar ,1281, $3.00 , $1.25 ," $3,843.00 "," $1,601.25 "," $2,241.75 ",01-12-2018,12, December ,2018
Canada, Sugar ,865.5, $3.00 , $1.25 ," $2,596.50 "," $1,081.88 "," $1,514.63 ",01-07-2019,7, July ,2019
Germany, Sugar ,492, $3.00 , $1.25 ," $1,476.00 ", $615.00 , $861.00 ,01-07-2019,7, July ,2019
United States, Sugar ,267, $3.00 , $1.25 , $801.00 , $333.75 , $467.25 ,01-10-2018,10, October ,2018
Germany, Sugar ,1175, $3.00 , $1.25 ," $3,525.00 "," $1,468.75 "," $2,056.25 ",01-10-2019,10, October ,2019
Canada, Sugar ,2954, $3.00 , $1.25 ," $8,862.00 "," $3,692.50 "," $5,169.50 ",01-11-2018,11, November ,2018
Germany, Sugar ,552, $3.00 , $1.25 ," $1,656.00 ", $690.00 , $966.00 ,01-11-2019,11, November ,2019
France, Sugar ,293, $3.00 , $1.25 , $879.00 , $366.25 , $512.75 ,01-12-2019,12, December ,2019
United States, Sugar ,1806, $3.00 , $1.25 ," $5,418.00 "," $2,257.50 "," $3,160.50 ",01-05-2019,5, May ,2019
Mexico, White Chocolate Macadamia Nut ,1493, $6.00 , $2.75 ," $8,958.00 "," $4,105.75 "," $4,852.25 ",01-01-2019,1, January ,2019
France, White Chocolate Macadamia Nut ,1804, $6.00 , $2.75 ," $10,824.00 "," $4,961.00 "," $5,863.00 ",01-02-2019,2, February ,2019
Germany, White Chocolate Macadamia Nut ,2161, $6.00 , $2.75 ," $12,966.00 "," $5,942.75 "," $7,023.25 ",01-03-2019,3, March ,2019
Germany, White Chocolate Macadamia Nut ,1006, $6.00 , $2.75 ," $6,036.00 "," $2,766.50 "," $3,269.50 ",01-06-2019,6, June ,2019
Germany, White Chocolate Macadamia Nut ,1545, $6.00 , $2.75 ," $9,270.00 "," $4,248.75 "," $5,021.25 ",01-06-2019,6, June ,2019
United States, White Chocolate Macadamia Nut ,2821, $6.00 , $2.75 ," $16,926.00 "," $7,757.75 "," $9,168.25 ",01-08-2019,8, August ,2019
Canada, White Chocolate Macadamia Nut ,345, $6.00 , $2.75 ," $2,070.00 ", $948.75 ," $1,121.25 ",01-10-2018,10, October ,2018
France, White Chocolate Macadamia Nut ,639, $6.00 , $2.75 ," $3,834.00 "," $1,757.25 "," $2,076.75 ",01-11-2019,11, November ,2019
France, White Chocolate Macadamia Nut ,3864, $6.00 , $2.75 ," $23,184.00 "," $10,626.00 "," $12,558.00 ",01-04-2019,4, April ,2019
Mexico, White Chocolate Macadamia Nut ,362, $6.00 , $2.75 ," $2,172.00 ", $995.50 ," $1,176.50 ",01-05-2019,5, May ,2019
Canada, White Chocolate Macadamia Nut ,923, $6.00 , $2.75 ," $5,538.00 "," $2,538.25 "," $2,999.75 ",01-08-2019,8, August ,2019
United States, White Chocolate Macadamia Nut ,663, $6.00 , $2.75 ," $3,978.00 "," $1,823.25 "," $2,154.75 ",01-10-2018,10, October ,2018
Canada, White Chocolate Macadamia Nut ,2092, $6.00 , $2.75 ," $12,552.00 "," $5,753.00 "," $6,799.00 ",01-11-2018,11, November ,2018
United States, White Chocolate Macadamia Nut ,1566, $6.00 , $2.75 ," $9,396.00 "," $4,306.50 "," $5,089.50 ",01-10-2019,10, October ,2019
Germany, White Chocolate Macadamia Nut ,2966, $6.00 , $2.75 ," $17,796.00 "," $8,156.50 "," $9,639.50 ",01-10-2018,10, October ,2018
Germany, White Chocolate Macadamia Nut ,2877, $6.00 , $2.75 ," $17,262.00 "," $7,911.75 "," $9,350.25 ",01-10-2019,10, October ,2019
Germany, White Chocolate Macadamia Nut ,809, $6.00 , $2.75 ," $4,854.00 "," $2,224.75 "," $2,629.25 ",01-10-2018,10, October ,2018
Mexico, White Chocolate Macadamia Nut ,2145, $6.00 , $2.75 ," $12,870.00 "," $5,898.75 "," $6,971.25 ",01-10-2018,10, October ,2018
France, White Chocolate Macadamia Nut ,1055, $6.00 , $2.75 ," $6,330.00 "," $2,901.25 "," $3,428.75 ",01-12-2019,12, December ,2019
Mexico, White Chocolate Macadamia Nut ,544, $6.00 , $2.75 ," $3,264.00 "," $1,496.00 "," $1,768.00 ",01-12-2018,12, December ,2018
Mexico, White Chocolate Macadamia Nut ,1084, $6.00 , $2.75 ," $6,504.00 "," $2,981.00 "," $3,523.00 ",01-12-2019,12, December ,2019
Canada, White Chocolate Macadamia Nut ,2009, $6.00 , $2.75 ," $12,054.00 "," $5,524.75 "," $6,529.25 ",01-10-2019,10, October ,2019
Canada, White Chocolate Macadamia Nut ,3850.5, $6.00 , $2.75 ," $23,103.00 "," $10,588.88 "," $12,514.13 ",01-04-2019,4, April ,2019
United States, White Chocolate Macadamia Nut ,736, $6.00 , $2.75 ," $4,416.00 "," $2,024.00 "," $2,392.00 ",01-09-2018,9, September ,2018
United States, White Chocolate Macadamia Nut ,1465, $6.00 , $2.75 ," $8,790.00 "," $4,028.75 "," $4,761.25 ",01-03-2019,3, March ,2019
Canada, White Chocolate Macadamia Nut ,2646, $6.00 , $2.75 ," $15,876.00 "," $7,276.50 "," $8,599.50 ",01-09-2018,9, September ,2018
France, White Chocolate Macadamia Nut ,2177, $6.00 , $2.75 ," $13,062.00 "," $5,986.75 "," $7,075.25 ",01-10-2019,10, October ,2019
Canada, White Chocolate Macadamia Nut ,2431, $6.00 , $2.75 ," $14,586.00 "," $6,685.25 "," $7,900.75 ",01-12-2019,12, December ,2019
United States, White Chocolate Macadamia Nut ,555, $6.00 , $2.75 ," $3,330.00 "," $1,526.25 "," $1,803.75 ",01-01-2019,1, January ,2019
Mexico, White Chocolate Macadamia Nut ,2861, $6.00 , $2.75 ," $17,166.00 "," $7,867.75 "," $9,298.25 ",01-01-2019,1, January ,2019
Germany, White Chocolate Macadamia Nut ,807, $6.00 , $2.75 ," $4,842.00 "," $2,219.25 "," $2,622.75 ",01-02-2019,2, February ,2019
United States, White Chocolate Macadamia Nut ,602, $6.00 , $2.75 ," $3,612.00 "," $1,655.50 "," $1,956.50 ",01-06-2019,6, June ,2019
United States, White Chocolate Macadamia Nut ,2832, $6.00 , $2.75 ," $16,992.00 "," $7,788.00 "," $9,204.00 ",01-08-2019,8, August ,2019
France, White Chocolate Macadamia Nut ,1579, $6.00 , $2.75 ," $9,474.00 "," $4,342.25 "," $5,131.75 ",01-08-2019,8, August ,2019
United States, White Chocolate Macadamia Nut ,861, $6.00 , $2.75 ," $5,166.00 "," $2,367.75 "," $2,798.25 ",01-10-2019,10, October ,2019
France, White Chocolate Macadamia Nut ,704, $6.00 , $2.75 ," $4,224.00 "," $1,936.00 "," $2,288.00 ",01-10-2018,10, October ,2018
France, White Chocolate Macadamia Nut ,1033, $6.00 , $2.75 ," $6,198.00 "," $2,840.75 "," $3,357.25 ",01-12-2018,12, December ,2018
Germany, White Chocolate Macadamia Nut ,1250, $6.00 , $2.75 ," $7,500.00 "," $3,437.50 "," $4,062.50 ",01-12-2019,12, December ,2019
Canada, White Chocolate Macadamia Nut ,952, $6.00 , $2.75 ," $5,712.00 "," $2,618.00 "," $3,094.00 ",01-02-2019,2, February ,2019
United States, White Chocolate Macadamia Nut ,2755, $6.00 , $2.75 ," $16,530.00 "," $7,576.25 "," $8,953.75 ",01-02-2019,2, February ,2019
Germany, White Chocolate Macadamia Nut ,1530, $6.00 , $2.75 ," $9,180.00 "," $4,207.50 "," $4,972.50 ",01-05-2019,5, May ,2019
France, White Chocolate Macadamia Nut ,1496, $6.00 , $2.75 ," $8,976.00 "," $4,114.00 "," $4,862.00 ",01-06-2019,6, June ,2019
Mexico, White Chocolate Macadamia Nut ,1498, $6.00 , $2.75 ," $8,988.00 "," $4,119.50 "," $4,868.50 ",01-06-2019,6, June ,2019
France, White Chocolate Macadamia Nut ,1221, $6.00 , $2.75 ," $7,326.00 "," $3,357.75 "," $3,968.25 ",01-10-2018,10, October ,2018
France, White Chocolate Macadamia Nut ,2076, $6.00 , $2.75 ," $12,456.00 "," $5,709.00 "," $6,747.00 ",01-10-2018,10, October ,2018
Germany, White Chocolate Macadamia Nut ,1001, $6.00 , $2.75 ," $6,006.00 "," $2,752.75 "," $3,253.25 ",01-08-2019,8, August ,2019
Mexico, White Chocolate Macadamia Nut ,1333, $6.00 , $2.75 ," $7,998.00 "," $3,665.75 "," $4,332.25 ",01-11-2019,11, November ,2019
Canada, White Chocolate Macadamia Nut ,1262, $6.00 , $2.75 ," $7,572.00 "," $3,470.50 "," $4,101.50 ",01-05-2019,5, May ,2019
Canada, White Chocolate Macadamia Nut ,1135, $6.00 , $2.75 ," $6,810.00 "," $3,121.25 "," $3,688.75 ",01-06-2019,6, June ,2019
United States, White Chocolate Macadamia Nut ,547, $6.00 , $2.75 ," $3,282.00 "," $1,504.25 "," $1,777.75 ",01-11-2019,11, November ,2019
Canada, White Chocolate Macadamia Nut ,1582, $6.00 , $2.75 ," $9,492.00 "," $4,350.50 "," $5,141.50 ",01-12-2019,12, December ,2019
France, White Chocolate Macadamia Nut ,1659, $6.00 , $2.75 ," $9,954.00 "," $4,562.25 "," $5,391.75 ",01-07-2019,7, July ,2019
Mexico, White Chocolate Macadamia Nut ,609, $6.00 , $2.75 ," $3,654.00 "," $1,674.75 "," $1,979.25 ",01-08-2019,8, August ,2019
Germany, White Chocolate Macadamia Nut ,2087, $6.00 , $2.75 ," $12,522.00 "," $5,739.25 "," $6,782.75 ",01-09-2019,9, September ,2019
France, White Chocolate Macadamia Nut ,1976, $6.00 , $2.75 ," $11,856.00 "," $5,434.00 "," $6,422.00 ",01-10-2019,10, October ,2019
United States, White Chocolate Macadamia Nut ,1421, $6.00 , $2.75 ," $8,526.00 "," $3,907.75 "," $4,618.25 ",01-12-2018,12, December ,2018
United States, White Chocolate Macadamia Nut ,1372, $6.00 , $2.75 ," $8,232.00 "," $3,773.00 "," $4,459.00 ",01-12-2019,12, December ,2019
Germany, White Chocolate Macadamia Nut ,588, $6.00 , $2.75 ," $3,528.00 "," $1,617.00 "," $1,911.00 ",01-12-2018,12, December ,2018
Canada, White Chocolate Macadamia Nut ,598, $6.00 , $2.75 ," $3,588.00 "," $1,644.50 "," $1,943.50 ",01-03-2019,3, March ,2019
United States, White Chocolate Macadamia Nut ,2907, $6.00 , $2.75 ," $17,442.00 "," $7,994.25 "," $9,447.75 ",01-06-2019,6, June ,2019
Germany, White Chocolate Macadamia Nut ,2338, $6.00 , $2.75 ," $14,028.00 "," $6,429.50 "," $7,598.50 ",01-06-2019,6, June ,2019
France, White Chocolate Macadamia Nut ,386, $6.00 , $2.75 ," $2,316.00 "," $1,061.50 "," $1,254.50 ",01-11-2018,11, November ,2018
Mexico, White Chocolate Macadamia Nut ,635, $6.00 , $2.75 ," $3,810.00 "," $1,746.25 "," $2,063.75 ",01-12-2019,12, December ,2019
Mexico, White Chocolate Macadamia Nut ,245, $6.00 , $2.75 ," $1,470.00 ", $673.75 , $796.25 ,01-05-2019,5, May ,2019
Canada, White Chocolate Macadamia Nut ,3793.5, $6.00 , $2.75 ," $22,761.00 "," $10,432.13 "," $12,328.88 ",01-07-2019,7, July ,2019
Germany, White Chocolate Macadamia Nut ,1307, $6.00 , $2.75 ," $7,842.00 "," $3,594.25 "," $4,247.75 ",01-07-2019,7, July ,2019
Canada, White Chocolate Macadamia Nut ,567, $6.00 , $2.75 ," $3,402.00 "," $1,559.25 "," $1,842.75 ",01-09-2019,9, September ,2019
Mexico, White Chocolate Macadamia Nut ,2110, $6.00 , $2.75 ," $12,660.00 "," $5,802.50 "," $6,857.50 ",01-09-2019,9, September ,2019
Canada, White Chocolate Macadamia Nut ,1269, $6.00 , $2.75 ," $7,614.00 "," $3,489.75 "," $4,124.25 ",01-10-2019,10, October ,2019
France, White Chocolate Macadamia Nut ,1967, $6.00 , $2.75 ," $11,802.00 "," $5,409.25 "," $6,392.75 ",01-03-2019,3, March ,2019
Mexico, White Chocolate Macadamia Nut ,2628, $6.00 , $2.75 ," $15,768.00 "," $7,227.00 "," $8,541.00 ",01-04-2019,4, April ,2019
Germany, White Chocolate Macadamia Nut ,681, $6.00 , $2.75 ," $4,086.00 "," $1,872.75 "," $2,213.25 ",01-01-2019,1, January ,2019
Germany, White Chocolate Macadamia Nut ,510, $6.00 , $2.75 ," $3,060.00 "," $1,402.50 "," $1,657.50 ",01-04-2019,4, April ,2019
United States, White Chocolate Macadamia Nut ,790, $6.00 , $2.75 ," $4,740.00 "," $2,172.50 "," $2,567.50 ",01-05-2019,5, May ,2019
France, White Chocolate Macadamia Nut ,639, $6.00 , $2.75 ," $3,834.00 "," $1,757.25 "," $2,076.75 ",01-07-2019,7, July ,2019
United States, White Chocolate Macadamia Nut ,1596, $6.00 , $2.75 ," $9,576.00 "," $4,389.00 "," $5,187.00 ",01-09-2019,9, September ,2019
United States, White Chocolate Macadamia Nut ,2294, $6.00 , $2.75 ," $13,764.00 "," $6,308.50 "," $7,455.50 ",01-10-2018,10, October ,2018
Germany, White Chocolate Macadamia Nut ,241, $6.00 , $2.75 ," $1,446.00 ", $662.75 , $783.25 ,01-10-2019,10, October ,2019
Germany, White Chocolate Macadamia Nut ,2665, $6.00 , $2.75 ," $15,990.00 "," $7,328.75 "," $8,661.25 ",01-11-2019,11, November ,2019
Canada, White Chocolate Macadamia Nut ,1916, $6.00 , $2.75 ," $11,496.00 "," $5,269.00 "," $6,227.00 ",01-12-2018,12, December ,2018
France, White Chocolate Macadamia Nut ,853, $6.00 , $2.75 ," $5,118.00 "," $2,345.75 "," $2,772.25 ",01-12-2019,12, December ,2019
Canada, White Chocolate Macadamia Nut ,384, $6.00 , $2.75 ," $2,304.00 "," $1,056.00 "," $1,248.00 ",01-01-2019,1, January ,2019
Germany, White Chocolate Macadamia Nut ,472, $6.00 , $2.75 ," $2,832.00 "," $1,298.00 "," $1,534.00 ",01-10-2019,10, October ,2019
France, White Chocolate Macadamia Nut ,2805, $6.00 , $2.75 ," $16,830.00 "," $7,713.75 "," $9,116.25 ",01-09-2018,9, September ,2018
Mexico, White Chocolate Macadamia Nut ,655, $6.00 , $2.75 ," $3,930.00 "," $1,801.25 "," $2,128.75 ",01-09-2018,9, September ,2018
Mexico, White Chocolate Macadamia Nut ,344, $6.00 , $2.75 ," $2,064.00 ", $946.00 ," $1,118.00 ",01-10-2018,10, October ,2018
Canada, White Chocolate Macadamia Nut ,1808, $6.00 , $2.75 ," $10,848.00 "," $4,972.00 "," $5,876.00 ",01-11-2019,11, November ,2019
Mexico, White Chocolate Macadamia Nut ,1395, $6.00 , $2.75 ," $8,370.00 "," $3,836.25 "," $4,533.75 ",01-07-2019,7, July ,2019
United States, White Chocolate Macadamia Nut ,986, $6.00 , $2.75 ," $5,916.00 "," $2,711.50 "," $3,204.50 ",01-10-2019,10, October ,2019
Mexico, White Chocolate Macadamia Nut ,905, $6.00 , $2.75 ," $5,430.00 "," $2,488.75 "," $2,941.25 ",01-10-2019,10, October ,2019
France, White Chocolate Macadamia Nut ,3997.5, $6.00 , $2.75 ," $23,985.00 "," $10,993.13 "," $12,991.88 ",01-01-2019,1, January ,2019
Canada, White Chocolate Macadamia Nut ,2632, $6.00 , $2.75 ," $15,792.00 "," $7,238.00 "," $8,554.00 ",01-06-2019,6, June ,2019
France, White Chocolate Macadamia Nut ,1190, $6.00 , $2.75 ," $7,140.00 "," $3,272.50 "," $3,867.50 ",01-06-2019,6, June ,2019
Mexico, White Chocolate Macadamia Nut ,604, $6.00 , $2.75 ," $3,624.00 "," $1,661.00 "," $1,963.00 ",01-06-2019,6, June ,2019
Germany, White Chocolate Macadamia Nut ,660, $6.00 , $2.75 ," $3,960.00 "," $1,815.00 "," $2,145.00 ",01-09-2018,9, September ,2018
Mexico, White Chocolate Macadamia Nut ,410, $6.00 , $2.75 ," $2,460.00 "," $1,127.50 "," $1,332.50 ",01-10-2019,10, October ,2019
Mexico, White Chocolate Macadamia Nut ,2605, $6.00 , $2.75 ," $15,630.00 "," $7,163.75 "," $8,466.25 ",01-11-2018,11, November ,2018
Germany, White Chocolate Macadamia Nut ,1013, $6.00 , $2.75 ," $6,078.00 "," $2,785.75 "," $3,292.25 ",01-12-2019,12, December ,2019
Mexico, White Chocolate Macadamia Nut ,1575, $6.00 , $2.75 ," $9,450.00 "," $4,331.25 "," $5,118.75 ",01-02-2019,2, February ,2019
United States, White Chocolate Macadamia Nut ,606, $6.00 , $2.75 ," $3,636.00 "," $1,666.50 "," $1,969.50 ",01-04-2019,4, April ,2019
United States, White Chocolate Macadamia Nut ,2460, $6.00 , $2.75 ," $14,760.00 "," $6,765.00 "," $7,995.00 ",01-07-2019,7, July ,2019
Canada, White Chocolate Macadamia Nut ,269, $6.00 , $2.75 ," $1,614.00 ", $739.75 , $874.25 ,01-10-2018,10, October ,2018
Germany, White Chocolate Macadamia Nut ,2536, $6.00 , $2.75 ," $15,216.00 "," $6,974.00 "," $8,242.00 ",01-11-2018,11, November ,2018
Mexico, White Chocolate Macadamia Nut ,500, $6.00 , $2.75 ," $3,000.00 "," $1,375.00 "," $1,625.00 ",01-03-2019,3, March ,2019
France, White Chocolate Macadamia Nut ,2826, $6.00 , $2.75 ," $16,956.00 "," $7,771.50 "," $9,184.50 ",01-05-2019,5, May ,2019
France, White Chocolate Macadamia Nut ,663, $6.00 , $2.75 ," $3,978.00 "," $1,823.25 "," $2,154.75 ",01-09-2019,9, September ,2019
United States, White Chocolate Macadamia Nut ,2574, $6.00 , $2.75 ," $15,444.00 "," $7,078.50 "," $8,365.50 ",01-11-2018,11, November ,2018
United States, White Chocolate Macadamia Nut ,2438, $6.00 , $2.75 ," $14,628.00 "," $6,704.50 "," $7,923.50 ",01-12-2018,12, December ,2018
United States, White Chocolate Macadamia Nut ,914, $6.00 , $2.75 ," $5,484.00 "," $2,513.50 "," $2,970.50 ",01-12-2019,12, December ,2019
